Actual Time,AMPM,Hour,Hour Extend,Minute,Year,Quarter,Month,Day,TimeKey,Value
01:00 AM,AM,1,1 AM,0,1899,Qtr 4,December,30,0100,60
01:00 PM,PM,13,1 PM,0,1899,Qtr 4,December,30,1300,780
01:01 AM,AM,1,1 AM,1,1899,Qtr 4,December,30,0101,61
01:01 PM,PM,13,1 PM,1,1899,Qtr 4,December,30,1301,781
01:02 AM,AM,1,1 AM,2,1899,Qtr 4,December,30,0102,62
01:02 PM,PM,13,1 PM,2,1899,Qtr 4,December,30,1302,782
01:03 AM,AM,1,1 AM,3,1899,Qtr 4,December,30,0103,63
01:03 PM,PM,13,1 PM,3,1899,Qtr 4,December,30,1303,783
01:04 AM,AM,1,1 AM,4,1899,Qtr 4,December,30,0104,64
01:04 PM,PM,13,1 PM,4,1899,Qtr 4,December,30,1304,784
01:05 AM,AM,1,1 AM,5,1899,Qtr 4,December,30,0105,65
01:05 PM,PM,13,1 PM,5,1899,Qtr 4,December,30,1305,785
01:06 AM,AM,1,1 AM,6,1899,Qtr 4,December,30,0106,66
01:06 PM,PM,13,1 PM,6,1899,Qtr 4,December,30,1306,786
01:07 AM,AM,1,1 AM,7,1899,Qtr 4,December,30,0107,67
01:07 PM,PM,13,1 PM,7,1899,Qtr 4,December,30,1307,787
01:08 AM,AM,1,1 AM,8,1899,Qtr 4,December,30,0108,68
01:08 PM,PM,13,1 PM,8,1899,Qtr 4,December,30,1308,788
01:09 AM,AM,1,1 AM,9,1899,Qtr 4,December,30,0109,69
01:09 PM,PM,13,1 PM,9,1899,Qtr 4,December,30,1309,789
01:10 AM,AM,1,1 AM,10,1899,Qtr 4,December,30,0110,70
01:10 PM,PM,13,1 PM,10,1899,Qtr 4,December,30,1310,790
01:11 AM,AM,1,1 AM,11,1899,Qtr 4,December,30,0111,71
01:11 PM,PM,13,1 PM,11,1899,Qtr 4,December,30,1311,791
01:12 AM,AM,1,1 AM,12,1899,Qtr 4,December,30,0112,72
01:12 PM,PM,13,1 PM,12,1899,Qtr 4,December,30,1312,792
01:13 AM,AM,1,1 AM,13,1899,Qtr 4,December,30,0113,73
01:13 PM,PM,13,1 PM,13,1899,Qtr 4,December,30,1313,793
01:14 AM,AM,1,1 AM,14,1899,Qtr 4,December,30,0114,74
01:14 PM,PM,13,1 PM,14,1899,Qtr 4,December,30,1314,794
01:15 AM,AM,1,1 AM,15,1899,Qtr 4,December,30,0115,75
01:15 PM,PM,13,1 PM,15,1899,Qtr 4,December,30,1315,795
01:16 AM,AM,1,1 AM,16,1899,Qtr 4,December,30,0116,76
01:16 PM,PM,13,1 PM,16,1899,Qtr 4,December,30,1316,796
01:17 AM,AM,1,1 AM,17,1899,Qtr 4,December,30,0117,77
01:17 PM,PM,13,1 PM,17,1899,Qtr 4,December,30,1317,797
01:18 AM,AM,1,1 AM,18,1899,Qtr 4,December,30,0118,78
01:18 PM,PM,13,1 PM,18,1899,Qtr 4,December,30,1318,798
01:19 AM,AM,1,1 AM,19,1899,Qtr 4,December,30,0119,79
01:19 PM,PM,13,1 PM,19,1899,Qtr 4,December,30,1319,799
01:20 AM,AM,1,1 AM,20,1899,Qtr 4,December,30,0120,80
01:20 PM,PM,13,1 PM,20,1899,Qtr 4,December,30,1320,800
01:21 AM,AM,1,1 AM,21,1899,Qtr 4,December,30,0121,81
01:21 PM,PM,13,1 PM,21,1899,Qtr 4,December,30,1321,801
01:22 AM,AM,1,1 AM,22,1899,Qtr 4,December,30,0122,82
01:22 PM,PM,13,1 PM,22,1899,Qtr 4,December,30,1322,802
01:23 AM,AM,1,1 AM,23,1899,Qtr 4,December,30,0123,83
01:23 PM,PM,13,1 PM,23,1899,Qtr 4,December,30,1323,803
01:24 AM,AM,1,1 AM,24,1899,Qtr 4,December,30,0124,84
01:24 PM,PM,13,1 PM,24,1899,Qtr 4,December,30,1324,804
01:25 AM,AM,1,1 AM,25,1899,Qtr 4,December,30,0125,85
01:25 PM,PM,13,1 PM,25,1899,Qtr 4,December,30,1325,805
01:26 AM,AM,1,1 AM,26,1899,Qtr 4,December,30,0126,86
01:26 PM,PM,13,1 PM,26,1899,Qtr 4,December,30,1326,806
01:27 AM,AM,1,1 AM,27,1899,Qtr 4,December,30,0127,87
01:27 PM,PM,13,1 PM,27,1899,Qtr 4,December,30,1327,807
01:28 AM,AM,1,1 AM,28,1899,Qtr 4,December,30,0128,88
01:28 PM,PM,13,1 PM,28,1899,Qtr 4,December,30,1328,808
01:29 AM,AM,1,1 AM,29,1899,Qtr 4,December,30,0129,89
01:29 PM,PM,13,1 PM,29,1899,Qtr 4,December,30,1329,809
01:30 AM,AM,1,1 AM,30,1899,Qtr 4,December,30,0130,90
01:30 PM,PM,13,1 PM,30,1899,Qtr 4,December,30,1330,810
01:31 AM,AM,1,1 AM,31,1899,Qtr 4,December,30,0131,91
01:31 PM,PM,13,1 PM,31,1899,Qtr 4,December,30,1331,811
01:32 AM,AM,1,1 AM,32,1899,Qtr 4,December,30,0132,92
01:32 PM,PM,13,1 PM,32,1899,Qtr 4,December,30,1332,812
01:33 AM,AM,1,1 AM,33,1899,Qtr 4,December,30,0133,93
01:33 PM,PM,13,1 PM,33,1899,Qtr 4,December,30,1333,813
01:34 AM,AM,1,1 AM,34,1899,Qtr 4,December,30,0134,94
01:34 PM,PM,13,1 PM,34,1899,Qtr 4,December,30,1334,814
01:35 AM,AM,1,1 AM,35,1899,Qtr 4,December,30,0135,95
01:35 PM,PM,13,1 PM,35,1899,Qtr 4,December,30,1335,815
01:36 AM,AM,1,1 AM,36,1899,Qtr 4,December,30,0136,96
01:36 PM,PM,13,1 PM,36,1899,Qtr 4,December,30,1336,816
01:37 AM,AM,1,1 AM,37,1899,Qtr 4,December,30,0137,97
01:37 PM,PM,13,1 PM,37,1899,Qtr 4,December,30,1337,817
01:38 AM,AM,1,1 AM,38,1899,Qtr 4,December,30,0138,98
01:38 PM,PM,13,1 PM,38,1899,Qtr 4,December,30,1338,818
01:39 AM,AM,1,1 AM,39,1899,Qtr 4,December,30,0139,99
01:39 PM,PM,13,1 PM,39,1899,Qtr 4,December,30,1339,819
01:40 AM,AM,1,1 AM,40,1899,Qtr 4,December,30,0140,100
01:40 PM,PM,13,1 PM,40,1899,Qtr 4,December,30,1340,820
01:41 AM,AM,1,1 AM,41,1899,Qtr 4,December,30,0141,101
01:41 PM,PM,13,1 PM,41,1899,Qtr 4,December,30,1341,821
01:42 AM,AM,1,1 AM,42,1899,Qtr 4,December,30,0142,102
01:42 PM,PM,13,1 PM,42,1899,Qtr 4,December,30,1342,822
01:43 AM,AM,1,1 AM,43,1899,Qtr 4,December,30,0143,103
01:43 PM,PM,13,1 PM,43,1899,Qtr 4,December,30,1343,823
01:44 AM,AM,1,1 AM,44,1899,Qtr 4,December,30,0144,104
01:44 PM,PM,13,1 PM,44,1899,Qtr 4,December,30,1344,824
01:45 AM,AM,1,1 AM,45,1899,Qtr 4,December,30,0145,105
01:45 PM,PM,13,1 PM,45,1899,Qtr 4,December,30,1345,825
01:46 AM,AM,1,1 AM,46,1899,Qtr 4,December,30,0146,106
01:46 PM,PM,13,1 PM,46,1899,Qtr 4,December,30,1346,826
01:47 AM,AM,1,1 AM,47,1899,Qtr 4,December,30,0147,107
01:47 PM,PM,13,1 PM,47,1899,Qtr 4,December,30,1347,827
01:48 AM,AM,1,1 AM,48,1899,Qtr 4,December,30,0148,108
01:48 PM,PM,13,1 PM,48,1899,Qtr 4,December,30,1348,828
01:49 AM,AM,1,1 AM,49,1899,Qtr 4,December,30,0149,109
01:49 PM,PM,13,1 PM,49,1899,Qtr 4,December,30,1349,829
01:50 AM,AM,1,1 AM,50,1899,Qtr 4,December,30,0150,110
01:50 PM,PM,13,1 PM,50,1899,Qtr 4,December,30,1350,830
01:51 AM,AM,1,1 AM,51,1899,Qtr 4,December,30,0151,111
01:51 PM,PM,13,1 PM,51,1899,Qtr 4,December,30,1351,831
01:52 AM,AM,1,1 AM,52,1899,Qtr 4,December,30,0152,112
01:52 PM,PM,13,1 PM,52,1899,Qtr 4,December,30,1352,832
01:53 AM,AM,1,1 AM,53,1899,Qtr 4,December,30,0153,113
01:53 PM,PM,13,1 PM,53,1899,Qtr 4,December,30,1353,833
01:54 AM,AM,1,1 AM,54,1899,Qtr 4,December,30,0154,114
01:54 PM,PM,13,1 PM,54,1899,Qtr 4,December,30,1354,834
01:55 AM,AM,1,1 AM,55,1899,Qtr 4,December,30,0155,115
01:55 PM,PM,13,1 PM,55,1899,Qtr 4,December,30,1355,835
01:56 AM,AM,1,1 AM,56,1899,Qtr 4,December,30,0156,116
01:56 PM,PM,13,1 PM,56,1899,Qtr 4,December,30,1356,836
01:57 AM,AM,1,1 AM,57,1899,Qtr 4,December,30,0157,117
01:57 PM,PM,13,1 PM,57,1899,Qtr 4,December,30,1357,837
01:58 AM,AM,1,1 AM,58,1899,Qtr 4,December,30,0158,118
01:58 PM,PM,13,1 PM,58,1899,Qtr 4,December,30,1358,838
01:59 AM,AM,1,1 AM,59,1899,Qtr 4,December,30,0159,119
01:59 PM,PM,13,1 PM,59,1899,Qtr 4,December,30,1359,839
02:00 AM,AM,2,2 AM,0,1899,Qtr 4,December,30,0200,120
02:00 PM,PM,14,2 PM,0,1899,Qtr 4,December,30,1400,840
02:01 AM,AM,2,2 AM,1,1899,Qtr 4,December,30,0201,121
02:01 PM,PM,14,2 PM,1,1899,Qtr 4,December,30,1401,841
02:02 AM,AM,2,2 AM,2,1899,Qtr 4,December,30,0202,122
02:02 PM,PM,14,2 PM,2,1899,Qtr 4,December,30,1402,842
02:03 AM,AM,2,2 AM,3,1899,Qtr 4,December,30,0203,123
02:03 PM,PM,14,2 PM,3,1899,Qtr 4,December,30,1403,843
02:04 AM,AM,2,2 AM,4,1899,Qtr 4,December,30,0204,124
02:04 PM,PM,14,2 PM,4,1899,Qtr 4,December,30,1404,844
02:05 AM,AM,2,2 AM,5,1899,Qtr 4,December,30,0205,125
02:05 PM,PM,14,2 PM,5,1899,Qtr 4,December,30,1405,845
02:06 AM,AM,2,2 AM,6,1899,Qtr 4,December,30,0206,126
02:06 PM,PM,14,2 PM,6,1899,Qtr 4,December,30,1406,846
02:07 AM,AM,2,2 AM,7,1899,Qtr 4,December,30,0207,127
02:07 PM,PM,14,2 PM,7,1899,Qtr 4,December,30,1407,847
02:08 AM,AM,2,2 AM,8,1899,Qtr 4,December,30,0208,128
02:08 PM,PM,14,2 PM,8,1899,Qtr 4,December,30,1408,848
02:09 AM,AM,2,2 AM,9,1899,Qtr 4,December,30,0209,129
02:09 PM,PM,14,2 PM,9,1899,Qtr 4,December,30,1409,849
02:10 AM,AM,2,2 AM,10,1899,Qtr 4,December,30,0210,130
02:10 PM,PM,14,2 PM,10,1899,Qtr 4,December,30,1410,850
02:11 AM,AM,2,2 AM,11,1899,Qtr 4,December,30,0211,131
02:11 PM,PM,14,2 PM,11,1899,Qtr 4,December,30,1411,851
02:12 AM,AM,2,2 AM,12,1899,Qtr 4,December,30,0212,132
02:12 PM,PM,14,2 PM,12,1899,Qtr 4,December,30,1412,852
02:13 AM,AM,2,2 AM,13,1899,Qtr 4,December,30,0213,133
02:13 PM,PM,14,2 PM,13,1899,Qtr 4,December,30,1413,853
02:14 AM,AM,2,2 AM,14,1899,Qtr 4,December,30,0214,134
02:14 PM,PM,14,2 PM,14,1899,Qtr 4,December,30,1414,854
02:15 AM,AM,2,2 AM,15,1899,Qtr 4,December,30,0215,135
02:15 PM,PM,14,2 PM,15,1899,Qtr 4,December,30,1415,855
02:16 AM,AM,2,2 AM,16,1899,Qtr 4,December,30,0216,136
02:16 PM,PM,14,2 PM,16,1899,Qtr 4,December,30,1416,856
02:17 AM,AM,2,2 AM,17,1899,Qtr 4,December,30,0217,137
02:17 PM,PM,14,2 PM,17,1899,Qtr 4,December,30,1417,857
02:18 AM,AM,2,2 AM,18,1899,Qtr 4,December,30,0218,138
02:18 PM,PM,14,2 PM,18,1899,Qtr 4,December,30,1418,858
02:19 AM,AM,2,2 AM,19,1899,Qtr 4,December,30,0219,139
02:19 PM,PM,14,2 PM,19,1899,Qtr 4,December,30,1419,859
02:20 AM,AM,2,2 AM,20,1899,Qtr 4,December,30,0220,140
02:20 PM,PM,14,2 PM,20,1899,Qtr 4,December,30,1420,860
02:21 AM,AM,2,2 AM,21,1899,Qtr 4,December,30,0221,141
02:21 PM,PM,14,2 PM,21,1899,Qtr 4,December,30,1421,861
02:22 AM,AM,2,2 AM,22,1899,Qtr 4,December,30,0222,142
02:22 PM,PM,14,2 PM,22,1899,Qtr 4,December,30,1422,862
02:23 AM,AM,2,2 AM,23,1899,Qtr 4,December,30,0223,143
02:23 PM,PM,14,2 PM,23,1899,Qtr 4,December,30,1423,863
02:24 AM,AM,2,2 AM,24,1899,Qtr 4,December,30,0224,144
02:24 PM,PM,14,2 PM,24,1899,Qtr 4,December,30,1424,864
02:25 AM,AM,2,2 AM,25,1899,Qtr 4,December,30,0225,145
02:25 PM,PM,14,2 PM,25,1899,Qtr 4,December,30,1425,865
02:26 AM,AM,2,2 AM,26,1899,Qtr 4,December,30,0226,146
02:26 PM,PM,14,2 PM,26,1899,Qtr 4,December,30,1426,866
02:27 AM,AM,2,2 AM,27,1899,Qtr 4,December,30,0227,147
02:27 PM,PM,14,2 PM,27,1899,Qtr 4,December,30,1427,867
02:28 AM,AM,2,2 AM,28,1899,Qtr 4,December,30,0228,148
02:28 PM,PM,14,2 PM,28,1899,Qtr 4,December,30,1428,868
02:29 AM,AM,2,2 AM,29,1899,Qtr 4,December,30,0229,149
02:29 PM,PM,14,2 PM,29,1899,Qtr 4,December,30,1429,869
02:30 AM,AM,2,2 AM,30,1899,Qtr 4,December,30,0230,150
02:30 PM,PM,14,2 PM,30,1899,Qtr 4,December,30,1430,870
02:31 AM,AM,2,2 AM,31,1899,Qtr 4,December,30,0231,151
02:31 PM,PM,14,2 PM,31,1899,Qtr 4,December,30,1431,871
02:32 AM,AM,2,2 AM,32,1899,Qtr 4,December,30,0232,152
02:32 PM,PM,14,2 PM,32,1899,Qtr 4,December,30,1432,872
02:33 AM,AM,2,2 AM,33,1899,Qtr 4,December,30,0233,153
02:33 PM,PM,14,2 PM,33,1899,Qtr 4,December,30,1433,873
02:34 AM,AM,2,2 AM,34,1899,Qtr 4,December,30,0234,154
02:34 PM,PM,14,2 PM,34,1899,Qtr 4,December,30,1434,874
02:35 AM,AM,2,2 AM,35,1899,Qtr 4,December,30,0235,155
02:35 PM,PM,14,2 PM,35,1899,Qtr 4,December,30,1435,875
02:36 AM,AM,2,2 AM,36,1899,Qtr 4,December,30,0236,156
02:36 PM,PM,14,2 PM,36,1899,Qtr 4,December,30,1436,876
02:37 AM,AM,2,2 AM,37,1899,Qtr 4,December,30,0237,157
02:37 PM,PM,14,2 PM,37,1899,Qtr 4,December,30,1437,877
02:38 AM,AM,2,2 AM,38,1899,Qtr 4,December,30,0238,158
02:38 PM,PM,14,2 PM,38,1899,Qtr 4,December,30,1438,878
02:39 AM,AM,2,2 AM,39,1899,Qtr 4,December,30,0239,159
02:39 PM,PM,14,2 PM,39,1899,Qtr 4,December,30,1439,879
02:40 AM,AM,2,2 AM,40,1899,Qtr 4,December,30,0240,160
02:40 PM,PM,14,2 PM,40,1899,Qtr 4,December,30,1440,880
02:41 AM,AM,2,2 AM,41,1899,Qtr 4,December,30,0241,161
02:41 PM,PM,14,2 PM,41,1899,Qtr 4,December,30,1441,881
02:42 AM,AM,2,2 AM,42,1899,Qtr 4,December,30,0242,162
02:42 PM,PM,14,2 PM,42,1899,Qtr 4,December,30,1442,882
02:43 AM,AM,2,2 AM,43,1899,Qtr 4,December,30,0243,163
02:43 PM,PM,14,2 PM,43,1899,Qtr 4,December,30,1443,883
02:44 AM,AM,2,2 AM,44,1899,Qtr 4,December,30,0244,164
02:44 PM,PM,14,2 PM,44,1899,Qtr 4,December,30,1444,884
02:45 AM,AM,2,2 AM,45,1899,Qtr 4,December,30,0245,165
02:45 PM,PM,14,2 PM,45,1899,Qtr 4,December,30,1445,885
02:46 AM,AM,2,2 AM,46,1899,Qtr 4,December,30,0246,166
02:46 PM,PM,14,2 PM,46,1899,Qtr 4,December,30,1446,886
02:47 AM,AM,2,2 AM,47,1899,Qtr 4,December,30,0247,167
02:47 PM,PM,14,2 PM,47,1899,Qtr 4,December,30,1447,887
02:48 AM,AM,2,2 AM,48,1899,Qtr 4,December,30,0248,168
02:48 PM,PM,14,2 PM,48,1899,Qtr 4,December,30,1448,888
02:49 AM,AM,2,2 AM,49,1899,Qtr 4,December,30,0249,169
02:49 PM,PM,14,2 PM,49,1899,Qtr 4,December,30,1449,889
02:50 AM,AM,2,2 AM,50,1899,Qtr 4,December,30,0250,170
02:50 PM,PM,14,2 PM,50,1899,Qtr 4,December,30,1450,890
02:51 AM,AM,2,2 AM,51,1899,Qtr 4,December,30,0251,171
02:51 PM,PM,14,2 PM,51,1899,Qtr 4,December,30,1451,891
02:52 AM,AM,2,2 AM,52,1899,Qtr 4,December,30,0252,172
02:52 PM,PM,14,2 PM,52,1899,Qtr 4,December,30,1452,892
02:53 AM,AM,2,2 AM,53,1899,Qtr 4,December,30,0253,173
02:53 PM,PM,14,2 PM,53,1899,Qtr 4,December,30,1453,893
02:54 AM,AM,2,2 AM,54,1899,Qtr 4,December,30,0254,174
02:54 PM,PM,14,2 PM,54,1899,Qtr 4,December,30,1454,894
02:55 AM,AM,2,2 AM,55,1899,Qtr 4,December,30,0255,175
02:55 PM,PM,14,2 PM,55,1899,Qtr 4,December,30,1455,895
02:56 AM,AM,2,2 AM,56,1899,Qtr 4,December,30,0256,176
02:56 PM,PM,14,2 PM,56,1899,Qtr 4,December,30,1456,896
02:57 AM,AM,2,2 AM,57,1899,Qtr 4,December,30,0257,177
02:57 PM,PM,14,2 PM,57,1899,Qtr 4,December,30,1457,897
02:58 AM,AM,2,2 AM,58,1899,Qtr 4,December,30,0258,178
02:58 PM,PM,14,2 PM,58,1899,Qtr 4,December,30,1458,898
02:59 AM,AM,2,2 AM,59,1899,Qtr 4,December,30,0259,179
02:59 PM,PM,14,2 PM,59,1899,Qtr 4,December,30,1459,899
03:00 AM,AM,3,3 AM,0,1899,Qtr 4,December,30,0300,180
03:00 PM,PM,15,3 PM,0,1899,Qtr 4,December,30,1500,900
03:01 AM,AM,3,3 AM,1,1899,Qtr 4,December,30,0301,181
03:01 PM,PM,15,3 PM,1,1899,Qtr 4,December,30,1501,901
03:02 AM,AM,3,3 AM,2,1899,Qtr 4,December,30,0302,182
03:02 PM,PM,15,3 PM,2,1899,Qtr 4,December,30,1502,902
03:03 AM,AM,3,3 AM,3,1899,Qtr 4,December,30,0303,183
03:03 PM,PM,15,3 PM,3,1899,Qtr 4,December,30,1503,903
03:04 AM,AM,3,3 AM,4,1899,Qtr 4,December,30,0304,184
03:04 PM,PM,15,3 PM,4,1899,Qtr 4,December,30,1504,904
03:05 AM,AM,3,3 AM,5,1899,Qtr 4,December,30,0305,185
03:05 PM,PM,15,3 PM,5,1899,Qtr 4,December,30,1505,905
03:06 AM,AM,3,3 AM,6,1899,Qtr 4,December,30,0306,186
03:06 PM,PM,15,3 PM,6,1899,Qtr 4,December,30,1506,906
03:07 AM,AM,3,3 AM,7,1899,Qtr 4,December,30,0307,187
03:07 PM,PM,15,3 PM,7,1899,Qtr 4,December,30,1507,907
03:08 AM,AM,3,3 AM,8,1899,Qtr 4,December,30,0308,188
03:08 PM,PM,15,3 PM,8,1899,Qtr 4,December,30,1508,908
03:09 AM,AM,3,3 AM,9,1899,Qtr 4,December,30,0309,189
03:09 PM,PM,15,3 PM,9,1899,Qtr 4,December,30,1509,909
03:10 AM,AM,3,3 AM,10,1899,Qtr 4,December,30,0310,190
03:10 PM,PM,15,3 PM,10,1899,Qtr 4,December,30,1510,910
03:11 AM,AM,3,3 AM,11,1899,Qtr 4,December,30,0311,191
03:11 PM,PM,15,3 PM,11,1899,Qtr 4,December,30,1511,911
03:12 AM,AM,3,3 AM,12,1899,Qtr 4,December,30,0312,192
03:12 PM,PM,15,3 PM,12,1899,Qtr 4,December,30,1512,912
03:13 AM,AM,3,3 AM,13,1899,Qtr 4,December,30,0313,193
03:13 PM,PM,15,3 PM,13,1899,Qtr 4,December,30,1513,913
03:14 AM,AM,3,3 AM,14,1899,Qtr 4,December,30,0314,194
03:14 PM,PM,15,3 PM,14,1899,Qtr 4,December,30,1514,914
03:15 AM,AM,3,3 AM,15,1899,Qtr 4,December,30,0315,195
03:15 PM,PM,15,3 PM,15,1899,Qtr 4,December,30,1515,915
03:16 AM,AM,3,3 AM,16,1899,Qtr 4,December,30,0316,196
03:16 PM,PM,15,3 PM,16,1899,Qtr 4,December,30,1516,916
03:17 AM,AM,3,3 AM,17,1899,Qtr 4,December,30,0317,197
03:17 PM,PM,15,3 PM,17,1899,Qtr 4,December,30,1517,917
03:18 AM,AM,3,3 AM,18,1899,Qtr 4,December,30,0318,198
03:18 PM,PM,15,3 PM,18,1899,Qtr 4,December,30,1518,918
03:19 AM,AM,3,3 AM,19,1899,Qtr 4,December,30,0319,199
03:19 PM,PM,15,3 PM,19,1899,Qtr 4,December,30,1519,919
03:20 AM,AM,3,3 AM,20,1899,Qtr 4,December,30,0320,200
03:20 PM,PM,15,3 PM,20,1899,Qtr 4,December,30,1520,920
03:21 AM,AM,3,3 AM,21,1899,Qtr 4,December,30,0321,201
03:21 PM,PM,15,3 PM,21,1899,Qtr 4,December,30,1521,921
03:22 AM,AM,3,3 AM,22,1899,Qtr 4,December,30,0322,202
03:22 PM,PM,15,3 PM,22,1899,Qtr 4,December,30,1522,922
03:23 AM,AM,3,3 AM,23,1899,Qtr 4,December,30,0323,203
03:23 PM,PM,15,3 PM,23,1899,Qtr 4,December,30,1523,923
03:24 AM,AM,3,3 AM,24,1899,Qtr 4,December,30,0324,204
03:24 PM,PM,15,3 PM,24,1899,Qtr 4,December,30,1524,924
03:25 AM,AM,3,3 AM,25,1899,Qtr 4,December,30,0325,205
03:25 PM,PM,15,3 PM,25,1899,Qtr 4,December,30,1525,925
03:26 AM,AM,3,3 AM,26,1899,Qtr 4,December,30,0326,206
03:26 PM,PM,15,3 PM,26,1899,Qtr 4,December,30,1526,926
03:27 AM,AM,3,3 AM,27,1899,Qtr 4,December,30,0327,207
03:27 PM,PM,15,3 PM,27,1899,Qtr 4,December,30,1527,927
03:28 AM,AM,3,3 AM,28,1899,Qtr 4,December,30,0328,208
03:28 PM,PM,15,3 PM,28,1899,Qtr 4,December,30,1528,928
03:29 AM,AM,3,3 AM,29,1899,Qtr 4,December,30,0329,209
03:29 PM,PM,15,3 PM,29,1899,Qtr 4,December,30,1529,929
03:30 AM,AM,3,3 AM,30,1899,Qtr 4,December,30,0330,210
03:30 PM,PM,15,3 PM,30,1899,Qtr 4,December,30,1530,930
03:31 AM,AM,3,3 AM,31,1899,Qtr 4,December,30,0331,211
03:31 PM,PM,15,3 PM,31,1899,Qtr 4,December,30,1531,931
03:32 AM,AM,3,3 AM,32,1899,Qtr 4,December,30,0332,212
03:32 PM,PM,15,3 PM,32,1899,Qtr 4,December,30,1532,932
03:33 AM,AM,3,3 AM,33,1899,Qtr 4,December,30,0333,213
03:33 PM,PM,15,3 PM,33,1899,Qtr 4,December,30,1533,933
03:34 AM,AM,3,3 AM,34,1899,Qtr 4,December,30,0334,214
03:34 PM,PM,15,3 PM,34,1899,Qtr 4,December,30,1534,934
03:35 AM,AM,3,3 AM,35,1899,Qtr 4,December,30,0335,215
03:35 PM,PM,15,3 PM,35,1899,Qtr 4,December,30,1535,935
03:36 AM,AM,3,3 AM,36,1899,Qtr 4,December,30,0336,216
03:36 PM,PM,15,3 PM,36,1899,Qtr 4,December,30,1536,936
03:37 AM,AM,3,3 AM,37,1899,Qtr 4,December,30,0337,217
03:37 PM,PM,15,3 PM,37,1899,Qtr 4,December,30,1537,937
03:38 AM,AM,3,3 AM,38,1899,Qtr 4,December,30,0338,218
03:38 PM,PM,15,3 PM,38,1899,Qtr 4,December,30,1538,938
03:39 AM,AM,3,3 AM,39,1899,Qtr 4,December,30,0339,219
03:39 PM,PM,15,3 PM,39,1899,Qtr 4,December,30,1539,939
03:40 AM,AM,3,3 AM,40,1899,Qtr 4,December,30,0340,220
03:40 PM,PM,15,3 PM,40,1899,Qtr 4,December,30,1540,940
03:41 AM,AM,3,3 AM,41,1899,Qtr 4,December,30,0341,221
03:41 PM,PM,15,3 PM,41,1899,Qtr 4,December,30,1541,941
03:42 AM,AM,3,3 AM,42,1899,Qtr 4,December,30,0342,222
03:42 PM,PM,15,3 PM,42,1899,Qtr 4,December,30,1542,942
03:43 AM,AM,3,3 AM,43,1899,Qtr 4,December,30,0343,223
03:43 PM,PM,15,3 PM,43,1899,Qtr 4,December,30,1543,943
03:44 AM,AM,3,3 AM,44,1899,Qtr 4,December,30,0344,224
03:44 PM,PM,15,3 PM,44,1899,Qtr 4,December,30,1544,944
03:45 AM,AM,3,3 AM,45,1899,Qtr 4,December,30,0345,225
03:45 PM,PM,15,3 PM,45,1899,Qtr 4,December,30,1545,945
03:46 AM,AM,3,3 AM,46,1899,Qtr 4,December,30,0346,226
03:46 PM,PM,15,3 PM,46,1899,Qtr 4,December,30,1546,946
03:47 AM,AM,3,3 AM,47,1899,Qtr 4,December,30,0347,227
03:47 PM,PM,15,3 PM,47,1899,Qtr 4,December,30,1547,947
03:48 AM,AM,3,3 AM,48,1899,Qtr 4,December,30,0348,228
03:48 PM,PM,15,3 PM,48,1899,Qtr 4,December,30,1548,948
03:49 AM,AM,3,3 AM,49,1899,Qtr 4,December,30,0349,229
03:49 PM,PM,15,3 PM,49,1899,Qtr 4,December,30,1549,949
03:50 AM,AM,3,3 AM,50,1899,Qtr 4,December,30,0350,230
03:50 PM,PM,15,3 PM,50,1899,Qtr 4,December,30,1550,950
03:51 AM,AM,3,3 AM,51,1899,Qtr 4,December,30,0351,231
03:51 PM,PM,15,3 PM,51,1899,Qtr 4,December,30,1551,951
03:52 AM,AM,3,3 AM,52,1899,Qtr 4,December,30,0352,232
03:52 PM,PM,15,3 PM,52,1899,Qtr 4,December,30,1552,952
03:53 AM,AM,3,3 AM,53,1899,Qtr 4,December,30,0353,233
03:53 PM,PM,15,3 PM,53,1899,Qtr 4,December,30,1553,953
03:54 AM,AM,3,3 AM,54,1899,Qtr 4,December,30,0354,234
03:54 PM,PM,15,3 PM,54,1899,Qtr 4,December,30,1554,954
03:55 AM,AM,3,3 AM,55,1899,Qtr 4,December,30,0355,235
03:55 PM,PM,15,3 PM,55,1899,Qtr 4,December,30,1555,955
03:56 AM,AM,3,3 AM,56,1899,Qtr 4,December,30,0356,236
03:56 PM,PM,15,3 PM,56,1899,Qtr 4,December,30,1556,956
03:57 AM,AM,3,3 AM,57,1899,Qtr 4,December,30,0357,237
03:57 PM,PM,15,3 PM,57,1899,Qtr 4,December,30,1557,957
03:58 AM,AM,3,3 AM,58,1899,Qtr 4,December,30,0358,238
03:58 PM,PM,15,3 PM,58,1899,Qtr 4,December,30,1558,958
03:59 AM,AM,3,3 AM,59,1899,Qtr 4,December,30,0359,239
03:59 PM,PM,15,3 PM,59,1899,Qtr 4,December,30,1559,959
04:00 AM,AM,4,4 AM,0,1899,Qtr 4,December,30,0400,240
04:00 PM,PM,16,4 PM,0,1899,Qtr 4,December,30,1600,960
04:01 AM,AM,4,4 AM,1,1899,Qtr 4,December,30,0401,241
04:01 PM,PM,16,4 PM,1,1899,Qtr 4,December,30,1601,961
04:02 AM,AM,4,4 AM,2,1899,Qtr 4,December,30,0402,242
04:02 PM,PM,16,4 PM,2,1899,Qtr 4,December,30,1602,962
04:03 AM,AM,4,4 AM,3,1899,Qtr 4,December,30,0403,243
04:03 PM,PM,16,4 PM,3,1899,Qtr 4,December,30,1603,963
04:04 AM,AM,4,4 AM,4,1899,Qtr 4,December,30,0404,244
04:04 PM,PM,16,4 PM,4,1899,Qtr 4,December,30,1604,964
04:05 AM,AM,4,4 AM,5,1899,Qtr 4,December,30,0405,245
04:05 PM,PM,16,4 PM,5,1899,Qtr 4,December,30,1605,965
04:06 AM,AM,4,4 AM,6,1899,Qtr 4,December,30,0406,246
04:06 PM,PM,16,4 PM,6,1899,Qtr 4,December,30,1606,966
04:07 AM,AM,4,4 AM,7,1899,Qtr 4,December,30,0407,247
04:07 PM,PM,16,4 PM,7,1899,Qtr 4,December,30,1607,967
04:08 AM,AM,4,4 AM,8,1899,Qtr 4,December,30,0408,248
04:08 PM,PM,16,4 PM,8,1899,Qtr 4,December,30,1608,968
04:09 AM,AM,4,4 AM,9,1899,Qtr 4,December,30,0409,249
04:09 PM,PM,16,4 PM,9,1899,Qtr 4,December,30,1609,969
04:10 AM,AM,4,4 AM,10,1899,Qtr 4,December,30,0410,250
04:10 PM,PM,16,4 PM,10,1899,Qtr 4,December,30,1610,970
04:11 AM,AM,4,4 AM,11,1899,Qtr 4,December,30,0411,251
04:11 PM,PM,16,4 PM,11,1899,Qtr 4,December,30,1611,971
04:12 AM,AM,4,4 AM,12,1899,Qtr 4,December,30,0412,252
04:12 PM,PM,16,4 PM,12,1899,Qtr 4,December,30,1612,972
04:13 AM,AM,4,4 AM,13,1899,Qtr 4,December,30,0413,253
04:13 PM,PM,16,4 PM,13,1899,Qtr 4,December,30,1613,973
04:14 AM,AM,4,4 AM,14,1899,Qtr 4,December,30,0414,254
04:14 PM,PM,16,4 PM,14,1899,Qtr 4,December,30,1614,974
04:15 AM,AM,4,4 AM,15,1899,Qtr 4,December,30,0415,255
04:15 PM,PM,16,4 PM,15,1899,Qtr 4,December,30,1615,975
04:16 AM,AM,4,4 AM,16,1899,Qtr 4,December,30,0416,256
04:16 PM,PM,16,4 PM,16,1899,Qtr 4,December,30,1616,976
04:17 AM,AM,4,4 AM,17,1899,Qtr 4,December,30,0417,257
04:17 PM,PM,16,4 PM,17,1899,Qtr 4,December,30,1617,977
04:18 AM,AM,4,4 AM,18,1899,Qtr 4,December,30,0418,258
04:18 PM,PM,16,4 PM,18,1899,Qtr 4,December,30,1618,978
04:19 AM,AM,4,4 AM,19,1899,Qtr 4,December,30,0419,259
04:19 PM,PM,16,4 PM,19,1899,Qtr 4,December,30,1619,979
04:20 AM,AM,4,4 AM,20,1899,Qtr 4,December,30,0420,260
04:20 PM,PM,16,4 PM,20,1899,Qtr 4,December,30,1620,980
04:21 AM,AM,4,4 AM,21,1899,Qtr 4,December,30,0421,261
04:21 PM,PM,16,4 PM,21,1899,Qtr 4,December,30,1621,981
04:22 AM,AM,4,4 AM,22,1899,Qtr 4,December,30,0422,262
04:22 PM,PM,16,4 PM,22,1899,Qtr 4,December,30,1622,982
04:23 AM,AM,4,4 AM,23,1899,Qtr 4,December,30,0423,263
04:23 PM,PM,16,4 PM,23,1899,Qtr 4,December,30,1623,983
04:24 AM,AM,4,4 AM,24,1899,Qtr 4,December,30,0424,264
04:24 PM,PM,16,4 PM,24,1899,Qtr 4,December,30,1624,984
04:25 AM,AM,4,4 AM,25,1899,Qtr 4,December,30,0425,265
04:25 PM,PM,16,4 PM,25,1899,Qtr 4,December,30,1625,985
04:26 AM,AM,4,4 AM,26,1899,Qtr 4,December,30,0426,266
04:26 PM,PM,16,4 PM,26,1899,Qtr 4,December,30,1626,986
04:27 AM,AM,4,4 AM,27,1899,Qtr 4,December,30,0427,267
04:27 PM,PM,16,4 PM,27,1899,Qtr 4,December,30,1627,987
04:28 AM,AM,4,4 AM,28,1899,Qtr 4,December,30,0428,268
04:28 PM,PM,16,4 PM,28,1899,Qtr 4,December,30,1628,988
04:29 AM,AM,4,4 AM,29,1899,Qtr 4,December,30,0429,269
04:29 PM,PM,16,4 PM,29,1899,Qtr 4,December,30,1629,989
04:30 AM,AM,4,4 AM,30,1899,Qtr 4,December,30,0430,270
04:30 PM,PM,16,4 PM,30,1899,Qtr 4,December,30,1630,990
04:31 AM,AM,4,4 AM,31,1899,Qtr 4,December,30,0431,271
04:31 PM,PM,16,4 PM,31,1899,Qtr 4,December,30,1631,991
04:32 AM,AM,4,4 AM,32,1899,Qtr 4,December,30,0432,272
04:32 PM,PM,16,4 PM,32,1899,Qtr 4,December,30,1632,992
04:33 AM,AM,4,4 AM,33,1899,Qtr 4,December,30,0433,273
04:33 PM,PM,16,4 PM,33,1899,Qtr 4,December,30,1633,993
04:34 AM,AM,4,4 AM,34,1899,Qtr 4,December,30,0434,274
04:34 PM,PM,16,4 PM,34,1899,Qtr 4,December,30,1634,994
04:35 AM,AM,4,4 AM,35,1899,Qtr 4,December,30,0435,275
04:35 PM,PM,16,4 PM,35,1899,Qtr 4,December,30,1635,995
04:36 AM,AM,4,4 AM,36,1899,Qtr 4,December,30,0436,276
04:36 PM,PM,16,4 PM,36,1899,Qtr 4,December,30,1636,996
04:37 AM,AM,4,4 AM,37,1899,Qtr 4,December,30,0437,277
04:37 PM,PM,16,4 PM,37,1899,Qtr 4,December,30,1637,997
04:38 AM,AM,4,4 AM,38,1899,Qtr 4,December,30,0438,278
04:38 PM,PM,16,4 PM,38,1899,Qtr 4,December,30,1638,998
04:39 AM,AM,4,4 AM,39,1899,Qtr 4,December,30,0439,279
04:39 PM,PM,16,4 PM,39,1899,Qtr 4,December,30,1639,999
04:40 AM,AM,4,4 AM,40,1899,Qtr 4,December,30,0440,280
04:40 PM,PM,16,4 PM,40,1899,Qtr 4,December,30,1640,1000
04:41 AM,AM,4,4 AM,41,1899,Qtr 4,December,30,0441,281
04:41 PM,PM,16,4 PM,41,1899,Qtr 4,December,30,1641,1001
04:42 AM,AM,4,4 AM,42,1899,Qtr 4,December,30,0442,282
04:42 PM,PM,16,4 PM,42,1899,Qtr 4,December,30,1642,1002
04:43 AM,AM,4,4 AM,43,1899,Qtr 4,December,30,0443,283
04:43 PM,PM,16,4 PM,43,1899,Qtr 4,December,30,1643,1003
04:44 AM,AM,4,4 AM,44,1899,Qtr 4,December,30,0444,284
04:44 PM,PM,16,4 PM,44,1899,Qtr 4,December,30,1644,1004
04:45 AM,AM,4,4 AM,45,1899,Qtr 4,December,30,0445,285
04:45 PM,PM,16,4 PM,45,1899,Qtr 4,December,30,1645,1005
04:46 AM,AM,4,4 AM,46,1899,Qtr 4,December,30,0446,286
04:46 PM,PM,16,4 PM,46,1899,Qtr 4,December,30,1646,1006
04:47 AM,AM,4,4 AM,47,1899,Qtr 4,December,30,0447,287
04:47 PM,PM,16,4 PM,47,1899,Qtr 4,December,30,1647,1007
04:48 AM,AM,4,4 AM,48,1899,Qtr 4,December,30,0448,288
04:48 PM,PM,16,4 PM,48,1899,Qtr 4,December,30,1648,1008
04:49 AM,AM,4,4 AM,49,1899,Qtr 4,December,30,0449,289
04:49 PM,PM,16,4 PM,49,1899,Qtr 4,December,30,1649,1009
04:50 AM,AM,4,4 AM,50,1899,Qtr 4,December,30,0450,290
04:50 PM,PM,16,4 PM,50,1899,Qtr 4,December,30,1650,1010
04:51 AM,AM,4,4 AM,51,1899,Qtr 4,December,30,0451,291
04:51 PM,PM,16,4 PM,51,1899,Qtr 4,December,30,1651,1011
04:52 AM,AM,4,4 AM,52,1899,Qtr 4,December,30,0452,292
04:52 PM,PM,16,4 PM,52,1899,Qtr 4,December,30,1652,1012
04:53 AM,AM,4,4 AM,53,1899,Qtr 4,December,30,0453,293
04:53 PM,PM,16,4 PM,53,1899,Qtr 4,December,30,1653,1013
04:54 AM,AM,4,4 AM,54,1899,Qtr 4,December,30,0454,294
04:54 PM,PM,16,4 PM,54,1899,Qtr 4,December,30,1654,1014
04:55 AM,AM,4,4 AM,55,1899,Qtr 4,December,30,0455,295
04:55 PM,PM,16,4 PM,55,1899,Qtr 4,December,30,1655,1015
04:56 AM,AM,4,4 AM,56,1899,Qtr 4,December,30,0456,296
04:56 PM,PM,16,4 PM,56,1899,Qtr 4,December,30,1656,1016
04:57 AM,AM,4,4 AM,57,1899,Qtr 4,December,30,0457,297
04:57 PM,PM,16,4 PM,57,1899,Qtr 4,December,30,1657,1017
04:58 AM,AM,4,4 AM,58,1899,Qtr 4,December,30,0458,298
04:58 PM,PM,16,4 PM,58,1899,Qtr 4,December,30,1658,1018
04:59 AM,AM,4,4 AM,59,1899,Qtr 4,December,30,0459,299
04:59 PM,PM,16,4 PM,59,1899,Qtr 4,December,30,1659,1019
05:00 AM,AM,5,5 AM,0,1899,Qtr 4,December,30,0500,300
05:00 PM,PM,17,5 PM,0,1899,Qtr 4,December,30,1700,1020
05:01 AM,AM,5,5 AM,1,1899,Qtr 4,December,30,0501,301
05:01 PM,PM,17,5 PM,1,1899,Qtr 4,December,30,1701,1021
05:02 AM,AM,5,5 AM,2,1899,Qtr 4,December,30,0502,302
05:02 PM,PM,17,5 PM,2,1899,Qtr 4,December,30,1702,1022
05:03 AM,AM,5,5 AM,3,1899,Qtr 4,December,30,0503,303
05:03 PM,PM,17,5 PM,3,1899,Qtr 4,December,30,1703,1023
05:04 AM,AM,5,5 AM,4,1899,Qtr 4,December,30,0504,304
05:04 PM,PM,17,5 PM,4,1899,Qtr 4,December,30,1704,1024
05:05 AM,AM,5,5 AM,5,1899,Qtr 4,December,30,0505,305
05:05 PM,PM,17,5 PM,5,1899,Qtr 4,December,30,1705,1025
05:06 AM,AM,5,5 AM,6,1899,Qtr 4,December,30,0506,306
05:06 PM,PM,17,5 PM,6,1899,Qtr 4,December,30,1706,1026
05:07 AM,AM,5,5 AM,7,1899,Qtr 4,December,30,0507,307
05:07 PM,PM,17,5 PM,7,1899,Qtr 4,December,30,1707,1027
05:08 AM,AM,5,5 AM,8,1899,Qtr 4,December,30,0508,308
05:08 PM,PM,17,5 PM,8,1899,Qtr 4,December,30,1708,1028
05:09 AM,AM,5,5 AM,9,1899,Qtr 4,December,30,0509,309
05:09 PM,PM,17,5 PM,9,1899,Qtr 4,December,30,1709,1029
05:10 AM,AM,5,5 AM,10,1899,Qtr 4,December,30,0510,310
05:10 PM,PM,17,5 PM,10,1899,Qtr 4,December,30,1710,1030
05:11 AM,AM,5,5 AM,11,1899,Qtr 4,December,30,0511,311
05:11 PM,PM,17,5 PM,11,1899,Qtr 4,December,30,1711,1031
05:12 AM,AM,5,5 AM,12,1899,Qtr 4,December,30,0512,312
05:12 PM,PM,17,5 PM,12,1899,Qtr 4,December,30,1712,1032
05:13 AM,AM,5,5 AM,13,1899,Qtr 4,December,30,0513,313
05:13 PM,PM,17,5 PM,13,1899,Qtr 4,December,30,1713,1033
05:14 AM,AM,5,5 AM,14,1899,Qtr 4,December,30,0514,314
05:14 PM,PM,17,5 PM,14,1899,Qtr 4,December,30,1714,1034
05:15 AM,AM,5,5 AM,15,1899,Qtr 4,December,30,0515,315
05:15 PM,PM,17,5 PM,15,1899,Qtr 4,December,30,1715,1035
05:16 AM,AM,5,5 AM,16,1899,Qtr 4,December,30,0516,316
05:16 PM,PM,17,5 PM,16,1899,Qtr 4,December,30,1716,1036
05:17 AM,AM,5,5 AM,17,1899,Qtr 4,December,30,0517,317
05:17 PM,PM,17,5 PM,17,1899,Qtr 4,December,30,1717,1037
05:18 AM,AM,5,5 AM,18,1899,Qtr 4,December,30,0518,318
05:18 PM,PM,17,5 PM,18,1899,Qtr 4,December,30,1718,1038
05:19 AM,AM,5,5 AM,19,1899,Qtr 4,December,30,0519,319
05:19 PM,PM,17,5 PM,19,1899,Qtr 4,December,30,1719,1039
05:20 AM,AM,5,5 AM,20,1899,Qtr 4,December,30,0520,320
05:20 PM,PM,17,5 PM,20,1899,Qtr 4,December,30,1720,1040
05:21 AM,AM,5,5 AM,21,1899,Qtr 4,December,30,0521,321
05:21 PM,PM,17,5 PM,21,1899,Qtr 4,December,30,1721,1041
05:22 AM,AM,5,5 AM,22,1899,Qtr 4,December,30,0522,322
05:22 PM,PM,17,5 PM,22,1899,Qtr 4,December,30,1722,1042
05:23 AM,AM,5,5 AM,23,1899,Qtr 4,December,30,0523,323
05:23 PM,PM,17,5 PM,23,1899,Qtr 4,December,30,1723,1043
05:24 AM,AM,5,5 AM,24,1899,Qtr 4,December,30,0524,324
05:24 PM,PM,17,5 PM,24,1899,Qtr 4,December,30,1724,1044
05:25 AM,AM,5,5 AM,25,1899,Qtr 4,December,30,0525,325
05:25 PM,PM,17,5 PM,25,1899,Qtr 4,December,30,1725,1045
05:26 AM,AM,5,5 AM,26,1899,Qtr 4,December,30,0526,326
05:26 PM,PM,17,5 PM,26,1899,Qtr 4,December,30,1726,1046
05:27 AM,AM,5,5 AM,27,1899,Qtr 4,December,30,0527,327
05:27 PM,PM,17,5 PM,27,1899,Qtr 4,December,30,1727,1047
05:28 AM,AM,5,5 AM,28,1899,Qtr 4,December,30,0528,328
05:28 PM,PM,17,5 PM,28,1899,Qtr 4,December,30,1728,1048
05:29 AM,AM,5,5 AM,29,1899,Qtr 4,December,30,0529,329
05:29 PM,PM,17,5 PM,29,1899,Qtr 4,December,30,1729,1049
05:30 AM,AM,5,5 AM,30,1899,Qtr 4,December,30,0530,330
05:30 PM,PM,17,5 PM,30,1899,Qtr 4,December,30,1730,1050
05:31 AM,AM,5,5 AM,31,1899,Qtr 4,December,30,0531,331
05:31 PM,PM,17,5 PM,31,1899,Qtr 4,December,30,1731,1051
05:32 AM,AM,5,5 AM,32,1899,Qtr 4,December,30,0532,332
05:32 PM,PM,17,5 PM,32,1899,Qtr 4,December,30,1732,1052
05:33 AM,AM,5,5 AM,33,1899,Qtr 4,December,30,0533,333
05:33 PM,PM,17,5 PM,33,1899,Qtr 4,December,30,1733,1053
05:34 AM,AM,5,5 AM,34,1899,Qtr 4,December,30,0534,334
05:34 PM,PM,17,5 PM,34,1899,Qtr 4,December,30,1734,1054
05:35 AM,AM,5,5 AM,35,1899,Qtr 4,December,30,0535,335
05:35 PM,PM,17,5 PM,35,1899,Qtr 4,December,30,1735,1055
05:36 AM,AM,5,5 AM,36,1899,Qtr 4,December,30,0536,336
05:36 PM,PM,17,5 PM,36,1899,Qtr 4,December,30,1736,1056
05:37 AM,AM,5,5 AM,37,1899,Qtr 4,December,30,0537,337
05:37 PM,PM,17,5 PM,37,1899,Qtr 4,December,30,1737,1057
05:38 AM,AM,5,5 AM,38,1899,Qtr 4,December,30,0538,338
05:38 PM,PM,17,5 PM,38,1899,Qtr 4,December,30,1738,1058
05:39 AM,AM,5,5 AM,39,1899,Qtr 4,December,30,0539,339
05:39 PM,PM,17,5 PM,39,1899,Qtr 4,December,30,1739,1059
05:40 AM,AM,5,5 AM,40,1899,Qtr 4,December,30,0540,340
05:40 PM,PM,17,5 PM,40,1899,Qtr 4,December,30,1740,1060
05:41 AM,AM,5,5 AM,41,1899,Qtr 4,December,30,0541,341
05:41 PM,PM,17,5 PM,41,1899,Qtr 4,December,30,1741,1061
05:42 AM,AM,5,5 AM,42,1899,Qtr 4,December,30,0542,342
05:42 PM,PM,17,5 PM,42,1899,Qtr 4,December,30,1742,1062
05:43 AM,AM,5,5 AM,43,1899,Qtr 4,December,30,0543,343
05:43 PM,PM,17,5 PM,43,1899,Qtr 4,December,30,1743,1063
05:44 AM,AM,5,5 AM,44,1899,Qtr 4,December,30,0544,344
05:44 PM,PM,17,5 PM,44,1899,Qtr 4,December,30,1744,1064
05:45 AM,AM,5,5 AM,45,1899,Qtr 4,December,30,0545,345
05:45 PM,PM,17,5 PM,45,1899,Qtr 4,December,30,1745,1065
05:46 AM,AM,5,5 AM,46,1899,Qtr 4,December,30,0546,346
05:46 PM,PM,17,5 PM,46,1899,Qtr 4,December,30,1746,1066
05:47 AM,AM,5,5 AM,47,1899,Qtr 4,December,30,0547,347
05:47 PM,PM,17,5 PM,47,1899,Qtr 4,December,30,1747,1067
05:48 AM,AM,5,5 AM,48,1899,Qtr 4,December,30,0548,348
05:48 PM,PM,17,5 PM,48,1899,Qtr 4,December,30,1748,1068
05:49 AM,AM,5,5 AM,49,1899,Qtr 4,December,30,0549,349
05:49 PM,PM,17,5 PM,49,1899,Qtr 4,December,30,1749,1069
05:50 AM,AM,5,5 AM,50,1899,Qtr 4,December,30,0550,350
05:50 PM,PM,17,5 PM,50,1899,Qtr 4,December,30,1750,1070
05:51 AM,AM,5,5 AM,51,1899,Qtr 4,December,30,0551,351
05:51 PM,PM,17,5 PM,51,1899,Qtr 4,December,30,1751,1071
05:52 AM,AM,5,5 AM,52,1899,Qtr 4,December,30,0552,352
05:52 PM,PM,17,5 PM,52,1899,Qtr 4,December,30,1752,1072
05:53 AM,AM,5,5 AM,53,1899,Qtr 4,December,30,0553,353
05:53 PM,PM,17,5 PM,53,1899,Qtr 4,December,30,1753,1073
05:54 AM,AM,5,5 AM,54,1899,Qtr 4,December,30,0554,354
05:54 PM,PM,17,5 PM,54,1899,Qtr 4,December,30,1754,1074
05:55 AM,AM,5,5 AM,55,1899,Qtr 4,December,30,0555,355
05:55 PM,PM,17,5 PM,55,1899,Qtr 4,December,30,1755,1075
05:56 AM,AM,5,5 AM,56,1899,Qtr 4,December,30,0556,356
05:56 PM,PM,17,5 PM,56,1899,Qtr 4,December,30,1756,1076
05:57 AM,AM,5,5 AM,57,1899,Qtr 4,December,30,0557,357
05:57 PM,PM,17,5 PM,57,1899,Qtr 4,December,30,1757,1077
05:58 AM,AM,5,5 AM,58,1899,Qtr 4,December,30,0558,358
05:58 PM,PM,17,5 PM,58,1899,Qtr 4,December,30,1758,1078
05:59 AM,AM,5,5 AM,59,1899,Qtr 4,December,30,0559,359
05:59 PM,PM,17,5 PM,59,1899,Qtr 4,December,30,1759,1079
06:00 AM,AM,6,6 AM,0,1899,Qtr 4,December,30,0600,360
06:00 PM,PM,18,6 PM,0,1899,Qtr 4,December,30,1800,1080
06:01 AM,AM,6,6 AM,1,1899,Qtr 4,December,30,0601,361
06:01 PM,PM,18,6 PM,1,1899,Qtr 4,December,30,1801,1081
06:02 AM,AM,6,6 AM,2,1899,Qtr 4,December,30,0602,362
06:02 PM,PM,18,6 PM,2,1899,Qtr 4,December,30,1802,1082
06:03 AM,AM,6,6 AM,3,1899,Qtr 4,December,30,0603,363
06:03 PM,PM,18,6 PM,3,1899,Qtr 4,December,30,1803,1083
06:04 AM,AM,6,6 AM,4,1899,Qtr 4,December,30,0604,364
06:04 PM,PM,18,6 PM,4,1899,Qtr 4,December,30,1804,1084
06:05 AM,AM,6,6 AM,5,1899,Qtr 4,December,30,0605,365
06:05 PM,PM,18,6 PM,5,1899,Qtr 4,December,30,1805,1085
06:06 AM,AM,6,6 AM,6,1899,Qtr 4,December,30,0606,366
06:06 PM,PM,18,6 PM,6,1899,Qtr 4,December,30,1806,1086
06:07 AM,AM,6,6 AM,7,1899,Qtr 4,December,30,0607,367
06:07 PM,PM,18,6 PM,7,1899,Qtr 4,December,30,1807,1087
06:08 AM,AM,6,6 AM,8,1899,Qtr 4,December,30,0608,368
06:08 PM,PM,18,6 PM,8,1899,Qtr 4,December,30,1808,1088
06:09 AM,AM,6,6 AM,9,1899,Qtr 4,December,30,0609,369
06:09 PM,PM,18,6 PM,9,1899,Qtr 4,December,30,1809,1089
06:10 AM,AM,6,6 AM,10,1899,Qtr 4,December,30,0610,370
06:10 PM,PM,18,6 PM,10,1899,Qtr 4,December,30,1810,1090
06:11 AM,AM,6,6 AM,11,1899,Qtr 4,December,30,0611,371
06:11 PM,PM,18,6 PM,11,1899,Qtr 4,December,30,1811,1091
06:12 AM,AM,6,6 AM,12,1899,Qtr 4,December,30,0612,372
06:12 PM,PM,18,6 PM,12,1899,Qtr 4,December,30,1812,1092
06:13 AM,AM,6,6 AM,13,1899,Qtr 4,December,30,0613,373
06:13 PM,PM,18,6 PM,13,1899,Qtr 4,December,30,1813,1093
06:14 AM,AM,6,6 AM,14,1899,Qtr 4,December,30,0614,374
06:14 PM,PM,18,6 PM,14,1899,Qtr 4,December,30,1814,1094
06:15 AM,AM,6,6 AM,15,1899,Qtr 4,December,30,0615,375
06:15 PM,PM,18,6 PM,15,1899,Qtr 4,December,30,1815,1095
06:16 AM,AM,6,6 AM,16,1899,Qtr 4,December,30,0616,376
06:16 PM,PM,18,6 PM,16,1899,Qtr 4,December,30,1816,1096
06:17 AM,AM,6,6 AM,17,1899,Qtr 4,December,30,0617,377
06:17 PM,PM,18,6 PM,17,1899,Qtr 4,December,30,1817,1097
06:18 AM,AM,6,6 AM,18,1899,Qtr 4,December,30,0618,378
06:18 PM,PM,18,6 PM,18,1899,Qtr 4,December,30,1818,1098
06:19 AM,AM,6,6 AM,19,1899,Qtr 4,December,30,0619,379
06:19 PM,PM,18,6 PM,19,1899,Qtr 4,December,30,1819,1099
06:20 AM,AM,6,6 AM,20,1899,Qtr 4,December,30,0620,380
06:20 PM,PM,18,6 PM,20,1899,Qtr 4,December,30,1820,1100
06:21 AM,AM,6,6 AM,21,1899,Qtr 4,December,30,0621,381
06:21 PM,PM,18,6 PM,21,1899,Qtr 4,December,30,1821,1101
06:22 AM,AM,6,6 AM,22,1899,Qtr 4,December,30,0622,382
06:22 PM,PM,18,6 PM,22,1899,Qtr 4,December,30,1822,1102
06:23 AM,AM,6,6 AM,23,1899,Qtr 4,December,30,0623,383
06:23 PM,PM,18,6 PM,23,1899,Qtr 4,December,30,1823,1103
06:24 AM,AM,6,6 AM,24,1899,Qtr 4,December,30,0624,384
06:24 PM,PM,18,6 PM,24,1899,Qtr 4,December,30,1824,1104
06:25 AM,AM,6,6 AM,25,1899,Qtr 4,December,30,0625,385
06:25 PM,PM,18,6 PM,25,1899,Qtr 4,December,30,1825,1105
06:26 AM,AM,6,6 AM,26,1899,Qtr 4,December,30,0626,386
06:26 PM,PM,18,6 PM,26,1899,Qtr 4,December,30,1826,1106
06:27 AM,AM,6,6 AM,27,1899,Qtr 4,December,30,0627,387
06:27 PM,PM,18,6 PM,27,1899,Qtr 4,December,30,1827,1107
06:28 AM,AM,6,6 AM,28,1899,Qtr 4,December,30,0628,388
06:28 PM,PM,18,6 PM,28,1899,Qtr 4,December,30,1828,1108
06:29 AM,AM,6,6 AM,29,1899,Qtr 4,December,30,0629,389
06:29 PM,PM,18,6 PM,29,1899,Qtr 4,December,30,1829,1109
06:30 AM,AM,6,6 AM,30,1899,Qtr 4,December,30,0630,390
06:30 PM,PM,18,6 PM,30,1899,Qtr 4,December,30,1830,1110
06:31 AM,AM,6,6 AM,31,1899,Qtr 4,December,30,0631,391
06:31 PM,PM,18,6 PM,31,1899,Qtr 4,December,30,1831,1111
06:32 AM,AM,6,6 AM,32,1899,Qtr 4,December,30,0632,392
06:32 PM,PM,18,6 PM,32,1899,Qtr 4,December,30,1832,1112
06:33 AM,AM,6,6 AM,33,1899,Qtr 4,December,30,0633,393
06:33 PM,PM,18,6 PM,33,1899,Qtr 4,December,30,1833,1113
06:34 AM,AM,6,6 AM,34,1899,Qtr 4,December,30,0634,394
06:34 PM,PM,18,6 PM,34,1899,Qtr 4,December,30,1834,1114
06:35 AM,AM,6,6 AM,35,1899,Qtr 4,December,30,0635,395
06:35 PM,PM,18,6 PM,35,1899,Qtr 4,December,30,1835,1115
06:36 AM,AM,6,6 AM,36,1899,Qtr 4,December,30,0636,396
06:36 PM,PM,18,6 PM,36,1899,Qtr 4,December,30,1836,1116
06:37 AM,AM,6,6 AM,37,1899,Qtr 4,December,30,0637,397
06:37 PM,PM,18,6 PM,37,1899,Qtr 4,December,30,1837,1117
06:38 AM,AM,6,6 AM,38,1899,Qtr 4,December,30,0638,398
06:38 PM,PM,18,6 PM,38,1899,Qtr 4,December,30,1838,1118
06:39 AM,AM,6,6 AM,39,1899,Qtr 4,December,30,0639,399
06:39 PM,PM,18,6 PM,39,1899,Qtr 4,December,30,1839,1119
06:40 AM,AM,6,6 AM,40,1899,Qtr 4,December,30,0640,400
06:40 PM,PM,18,6 PM,40,1899,Qtr 4,December,30,1840,1120
06:41 AM,AM,6,6 AM,41,1899,Qtr 4,December,30,0641,401
06:41 PM,PM,18,6 PM,41,1899,Qtr 4,December,30,1841,1121
06:42 AM,AM,6,6 AM,42,1899,Qtr 4,December,30,0642,402
06:42 PM,PM,18,6 PM,42,1899,Qtr 4,December,30,1842,1122
06:43 AM,AM,6,6 AM,43,1899,Qtr 4,December,30,0643,403
06:43 PM,PM,18,6 PM,43,1899,Qtr 4,December,30,1843,1123
06:44 AM,AM,6,6 AM,44,1899,Qtr 4,December,30,0644,404
06:44 PM,PM,18,6 PM,44,1899,Qtr 4,December,30,1844,1124
06:45 AM,AM,6,6 AM,45,1899,Qtr 4,December,30,0645,405
06:45 PM,PM,18,6 PM,45,1899,Qtr 4,December,30,1845,1125
06:46 AM,AM,6,6 AM,46,1899,Qtr 4,December,30,0646,406
06:46 PM,PM,18,6 PM,46,1899,Qtr 4,December,30,1846,1126
06:47 AM,AM,6,6 AM,47,1899,Qtr 4,December,30,0647,407
06:47 PM,PM,18,6 PM,47,1899,Qtr 4,December,30,1847,1127
06:48 AM,AM,6,6 AM,48,1899,Qtr 4,December,30,0648,408
06:48 PM,PM,18,6 PM,48,1899,Qtr 4,December,30,1848,1128
06:49 AM,AM,6,6 AM,49,1899,Qtr 4,December,30,0649,409
06:49 PM,PM,18,6 PM,49,1899,Qtr 4,December,30,1849,1129
06:50 AM,AM,6,6 AM,50,1899,Qtr 4,December,30,0650,410
06:50 PM,PM,18,6 PM,50,1899,Qtr 4,December,30,1850,1130
06:51 AM,AM,6,6 AM,51,1899,Qtr 4,December,30,0651,411
06:51 PM,PM,18,6 PM,51,1899,Qtr 4,December,30,1851,1131
06:52 AM,AM,6,6 AM,52,1899,Qtr 4,December,30,0652,412
06:52 PM,PM,18,6 PM,52,1899,Qtr 4,December,30,1852,1132
06:53 AM,AM,6,6 AM,53,1899,Qtr 4,December,30,0653,413
06:53 PM,PM,18,6 PM,53,1899,Qtr 4,December,30,1853,1133
06:54 AM,AM,6,6 AM,54,1899,Qtr 4,December,30,0654,414
06:54 PM,PM,18,6 PM,54,1899,Qtr 4,December,30,1854,1134
06:55 AM,AM,6,6 AM,55,1899,Qtr 4,December,30,0655,415
06:55 PM,PM,18,6 PM,55,1899,Qtr 4,December,30,1855,1135
06:56 AM,AM,6,6 AM,56,1899,Qtr 4,December,30,0656,416
06:56 PM,PM,18,6 PM,56,1899,Qtr 4,December,30,1856,1136
06:57 AM,AM,6,6 AM,57,1899,Qtr 4,December,30,0657,417
06:57 PM,PM,18,6 PM,57,1899,Qtr 4,December,30,1857,1137
06:58 AM,AM,6,6 AM,58,1899,Qtr 4,December,30,0658,418
06:58 PM,PM,18,6 PM,58,1899,Qtr 4,December,30,1858,1138
06:59 AM,AM,6,6 AM,59,1899,Qtr 4,December,30,0659,419
06:59 PM,PM,18,6 PM,59,1899,Qtr 4,December,30,1859,1139
07:00 AM,AM,7,7 AM,0,1899,Qtr 4,December,30,0700,420
07:00 PM,PM,19,7 PM,0,1899,Qtr 4,December,30,1900,1140
07:01 AM,AM,7,7 AM,1,1899,Qtr 4,December,30,0701,421
07:01 PM,PM,19,7 PM,1,1899,Qtr 4,December,30,1901,1141
07:02 AM,AM,7,7 AM,2,1899,Qtr 4,December,30,0702,422
07:02 PM,PM,19,7 PM,2,1899,Qtr 4,December,30,1902,1142
07:03 AM,AM,7,7 AM,3,1899,Qtr 4,December,30,0703,423
07:03 PM,PM,19,7 PM,3,1899,Qtr 4,December,30,1903,1143
07:04 AM,AM,7,7 AM,4,1899,Qtr 4,December,30,0704,424
07:04 PM,PM,19,7 PM,4,1899,Qtr 4,December,30,1904,1144
07:05 AM,AM,7,7 AM,5,1899,Qtr 4,December,30,0705,425
07:05 PM,PM,19,7 PM,5,1899,Qtr 4,December,30,1905,1145
07:06 AM,AM,7,7 AM,6,1899,Qtr 4,December,30,0706,426
07:06 PM,PM,19,7 PM,6,1899,Qtr 4,December,30,1906,1146
07:07 AM,AM,7,7 AM,7,1899,Qtr 4,December,30,0707,427
07:07 PM,PM,19,7 PM,7,1899,Qtr 4,December,30,1907,1147
07:08 AM,AM,7,7 AM,8,1899,Qtr 4,December,30,0708,428
07:08 PM,PM,19,7 PM,8,1899,Qtr 4,December,30,1908,1148
07:09 AM,AM,7,7 AM,9,1899,Qtr 4,December,30,0709,429
07:09 PM,PM,19,7 PM,9,1899,Qtr 4,December,30,1909,1149
07:10 AM,AM,7,7 AM,10,1899,Qtr 4,December,30,0710,430
07:10 PM,PM,19,7 PM,10,1899,Qtr 4,December,30,1910,1150
07:11 AM,AM,7,7 AM,11,1899,Qtr 4,December,30,0711,431
07:11 PM,PM,19,7 PM,11,1899,Qtr 4,December,30,1911,1151
07:12 AM,AM,7,7 AM,12,1899,Qtr 4,December,30,0712,432
07:12 PM,PM,19,7 PM,12,1899,Qtr 4,December,30,1912,1152
07:13 AM,AM,7,7 AM,13,1899,Qtr 4,December,30,0713,433
07:13 PM,PM,19,7 PM,13,1899,Qtr 4,December,30,1913,1153
07:14 AM,AM,7,7 AM,14,1899,Qtr 4,December,30,0714,434
07:14 PM,PM,19,7 PM,14,1899,Qtr 4,December,30,1914,1154
07:15 AM,AM,7,7 AM,15,1899,Qtr 4,December,30,0715,435
07:15 PM,PM,19,7 PM,15,1899,Qtr 4,December,30,1915,1155
07:16 AM,AM,7,7 AM,16,1899,Qtr 4,December,30,0716,436
07:16 PM,PM,19,7 PM,16,1899,Qtr 4,December,30,1916,1156
07:17 AM,AM,7,7 AM,17,1899,Qtr 4,December,30,0717,437
07:17 PM,PM,19,7 PM,17,1899,Qtr 4,December,30,1917,1157
07:18 AM,AM,7,7 AM,18,1899,Qtr 4,December,30,0718,438
07:18 PM,PM,19,7 PM,18,1899,Qtr 4,December,30,1918,1158
07:19 AM,AM,7,7 AM,19,1899,Qtr 4,December,30,0719,439
07:19 PM,PM,19,7 PM,19,1899,Qtr 4,December,30,1919,1159
07:20 AM,AM,7,7 AM,20,1899,Qtr 4,December,30,0720,440
07:20 PM,PM,19,7 PM,20,1899,Qtr 4,December,30,1920,1160
07:21 AM,AM,7,7 AM,21,1899,Qtr 4,December,30,0721,441
07:21 PM,PM,19,7 PM,21,1899,Qtr 4,December,30,1921,1161
07:22 AM,AM,7,7 AM,22,1899,Qtr 4,December,30,0722,442
07:22 PM,PM,19,7 PM,22,1899,Qtr 4,December,30,1922,1162
07:23 AM,AM,7,7 AM,23,1899,Qtr 4,December,30,0723,443
07:23 PM,PM,19,7 PM,23,1899,Qtr 4,December,30,1923,1163
07:24 AM,AM,7,7 AM,24,1899,Qtr 4,December,30,0724,444
07:24 PM,PM,19,7 PM,24,1899,Qtr 4,December,30,1924,1164
07:25 AM,AM,7,7 AM,25,1899,Qtr 4,December,30,0725,445
07:25 PM,PM,19,7 PM,25,1899,Qtr 4,December,30,1925,1165
07:26 AM,AM,7,7 AM,26,1899,Qtr 4,December,30,0726,446
07:26 PM,PM,19,7 PM,26,1899,Qtr 4,December,30,1926,1166
07:27 AM,AM,7,7 AM,27,1899,Qtr 4,December,30,0727,447
07:27 PM,PM,19,7 PM,27,1899,Qtr 4,December,30,1927,1167
07:28 AM,AM,7,7 AM,28,1899,Qtr 4,December,30,0728,448
07:28 PM,PM,19,7 PM,28,1899,Qtr 4,December,30,1928,1168
07:29 AM,AM,7,7 AM,29,1899,Qtr 4,December,30,0729,449
07:29 PM,PM,19,7 PM,29,1899,Qtr 4,December,30,1929,1169
07:30 AM,AM,7,7 AM,30,1899,Qtr 4,December,30,0730,450
07:30 PM,PM,19,7 PM,30,1899,Qtr 4,December,30,1930,1170
07:31 AM,AM,7,7 AM,31,1899,Qtr 4,December,30,0731,451
07:31 PM,PM,19,7 PM,31,1899,Qtr 4,December,30,1931,1171
07:32 AM,AM,7,7 AM,32,1899,Qtr 4,December,30,0732,452
07:32 PM,PM,19,7 PM,32,1899,Qtr 4,December,30,1932,1172
07:33 AM,AM,7,7 AM,33,1899,Qtr 4,December,30,0733,453
07:33 PM,PM,19,7 PM,33,1899,Qtr 4,December,30,1933,1173
07:34 AM,AM,7,7 AM,34,1899,Qtr 4,December,30,0734,454
07:34 PM,PM,19,7 PM,34,1899,Qtr 4,December,30,1934,1174
07:35 AM,AM,7,7 AM,35,1899,Qtr 4,December,30,0735,455
07:35 PM,PM,19,7 PM,35,1899,Qtr 4,December,30,1935,1175
07:36 AM,AM,7,7 AM,36,1899,Qtr 4,December,30,0736,456
07:36 PM,PM,19,7 PM,36,1899,Qtr 4,December,30,1936,1176
07:37 AM,AM,7,7 AM,37,1899,Qtr 4,December,30,0737,457
07:37 PM,PM,19,7 PM,37,1899,Qtr 4,December,30,1937,1177
07:38 AM,AM,7,7 AM,38,1899,Qtr 4,December,30,0738,458
07:38 PM,PM,19,7 PM,38,1899,Qtr 4,December,30,1938,1178
07:39 AM,AM,7,7 AM,39,1899,Qtr 4,December,30,0739,459
07:39 PM,PM,19,7 PM,39,1899,Qtr 4,December,30,1939,1179
07:40 AM,AM,7,7 AM,40,1899,Qtr 4,December,30,0740,460
07:40 PM,PM,19,7 PM,40,1899,Qtr 4,December,30,1940,1180
07:41 AM,AM,7,7 AM,41,1899,Qtr 4,December,30,0741,461
07:41 PM,PM,19,7 PM,41,1899,Qtr 4,December,30,1941,1181
07:42 AM,AM,7,7 AM,42,1899,Qtr 4,December,30,0742,462
07:42 PM,PM,19,7 PM,42,1899,Qtr 4,December,30,1942,1182
07:43 AM,AM,7,7 AM,43,1899,Qtr 4,December,30,0743,463
07:43 PM,PM,19,7 PM,43,1899,Qtr 4,December,30,1943,1183
07:44 AM,AM,7,7 AM,44,1899,Qtr 4,December,30,0744,464
07:44 PM,PM,19,7 PM,44,1899,Qtr 4,December,30,1944,1184
07:45 AM,AM,7,7 AM,45,1899,Qtr 4,December,30,0745,465
07:45 PM,PM,19,7 PM,45,1899,Qtr 4,December,30,1945,1185
07:46 AM,AM,7,7 AM,46,1899,Qtr 4,December,30,0746,466
07:46 PM,PM,19,7 PM,46,1899,Qtr 4,December,30,1946,1186
07:47 AM,AM,7,7 AM,47,1899,Qtr 4,December,30,0747,467
07:47 PM,PM,19,7 PM,47,1899,Qtr 4,December,30,1947,1187
07:48 AM,AM,7,7 AM,48,1899,Qtr 4,December,30,0748,468
07:48 PM,PM,19,7 PM,48,1899,Qtr 4,December,30,1948,1188
07:49 AM,AM,7,7 AM,49,1899,Qtr 4,December,30,0749,469
07:49 PM,PM,19,7 PM,49,1899,Qtr 4,December,30,1949,1189
07:50 AM,AM,7,7 AM,50,1899,Qtr 4,December,30,0750,470
07:50 PM,PM,19,7 PM,50,1899,Qtr 4,December,30,1950,1190
07:51 AM,AM,7,7 AM,51,1899,Qtr 4,December,30,0751,471
07:51 PM,PM,19,7 PM,51,1899,Qtr 4,December,30,1951,1191
07:52 AM,AM,7,7 AM,52,1899,Qtr 4,December,30,0752,472
07:52 PM,PM,19,7 PM,52,1899,Qtr 4,December,30,1952,1192
07:53 AM,AM,7,7 AM,53,1899,Qtr 4,December,30,0753,473
07:53 PM,PM,19,7 PM,53,1899,Qtr 4,December,30,1953,1193
07:54 AM,AM,7,7 AM,54,1899,Qtr 4,December,30,0754,474
07:54 PM,PM,19,7 PM,54,1899,Qtr 4,December,30,1954,1194
07:55 AM,AM,7,7 AM,55,1899,Qtr 4,December,30,0755,475
07:55 PM,PM,19,7 PM,55,1899,Qtr 4,December,30,1955,1195
07:56 AM,AM,7,7 AM,56,1899,Qtr 4,December,30,0756,476
07:56 PM,PM,19,7 PM,56,1899,Qtr 4,December,30,1956,1196
07:57 AM,AM,7,7 AM,57,1899,Qtr 4,December,30,0757,477
07:57 PM,PM,19,7 PM,57,1899,Qtr 4,December,30,1957,1197
07:58 AM,AM,7,7 AM,58,1899,Qtr 4,December,30,0758,478
07:58 PM,PM,19,7 PM,58,1899,Qtr 4,December,30,1958,1198
07:59 AM,AM,7,7 AM,59,1899,Qtr 4,December,30,0759,479
07:59 PM,PM,19,7 PM,59,1899,Qtr 4,December,30,1959,1199
08:00 AM,AM,8,8 AM,0,1899,Qtr 4,December,30,0800,480
08:00 PM,PM,20,8 PM,0,1899,Qtr 4,December,30,2000,1200
08:01 AM,AM,8,8 AM,1,1899,Qtr 4,December,30,0801,481
08:01 PM,PM,20,8 PM,1,1899,Qtr 4,December,30,2001,1201
08:02 AM,AM,8,8 AM,2,1899,Qtr 4,December,30,0802,482
08:02 PM,PM,20,8 PM,2,1899,Qtr 4,December,30,2002,1202
08:03 AM,AM,8,8 AM,3,1899,Qtr 4,December,30,0803,483
08:03 PM,PM,20,8 PM,3,1899,Qtr 4,December,30,2003,1203
08:04 AM,AM,8,8 AM,4,1899,Qtr 4,December,30,0804,484
08:04 PM,PM,20,8 PM,4,1899,Qtr 4,December,30,2004,1204
08:05 AM,AM,8,8 AM,5,1899,Qtr 4,December,30,0805,485
08:05 PM,PM,20,8 PM,5,1899,Qtr 4,December,30,2005,1205
08:06 AM,AM,8,8 AM,6,1899,Qtr 4,December,30,0806,486
08:06 PM,PM,20,8 PM,6,1899,Qtr 4,December,30,2006,1206
08:07 AM,AM,8,8 AM,7,1899,Qtr 4,December,30,0807,487
08:07 PM,PM,20,8 PM,7,1899,Qtr 4,December,30,2007,1207
08:08 AM,AM,8,8 AM,8,1899,Qtr 4,December,30,0808,488
08:08 PM,PM,20,8 PM,8,1899,Qtr 4,December,30,2008,1208
08:09 AM,AM,8,8 AM,9,1899,Qtr 4,December,30,0809,489
08:09 PM,PM,20,8 PM,9,1899,Qtr 4,December,30,2009,1209
08:10 AM,AM,8,8 AM,10,1899,Qtr 4,December,30,0810,490
08:10 PM,PM,20,8 PM,10,1899,Qtr 4,December,30,2010,1210
08:11 AM,AM,8,8 AM,11,1899,Qtr 4,December,30,0811,491
08:11 PM,PM,20,8 PM,11,1899,Qtr 4,December,30,2011,1211
08:12 AM,AM,8,8 AM,12,1899,Qtr 4,December,30,0812,492
08:12 PM,PM,20,8 PM,12,1899,Qtr 4,December,30,2012,1212
08:13 AM,AM,8,8 AM,13,1899,Qtr 4,December,30,0813,493
08:13 PM,PM,20,8 PM,13,1899,Qtr 4,December,30,2013,1213
08:14 AM,AM,8,8 AM,14,1899,Qtr 4,December,30,0814,494
08:14 PM,PM,20,8 PM,14,1899,Qtr 4,December,30,2014,1214
08:15 AM,AM,8,8 AM,15,1899,Qtr 4,December,30,0815,495
08:15 PM,PM,20,8 PM,15,1899,Qtr 4,December,30,2015,1215
08:16 AM,AM,8,8 AM,16,1899,Qtr 4,December,30,0816,496
08:16 PM,PM,20,8 PM,16,1899,Qtr 4,December,30,2016,1216
08:17 AM,AM,8,8 AM,17,1899,Qtr 4,December,30,0817,497
08:17 PM,PM,20,8 PM,17,1899,Qtr 4,December,30,2017,1217
08:18 AM,AM,8,8 AM,18,1899,Qtr 4,December,30,0818,498
08:18 PM,PM,20,8 PM,18,1899,Qtr 4,December,30,2018,1218
08:19 AM,AM,8,8 AM,19,1899,Qtr 4,December,30,0819,499
08:19 PM,PM,20,8 PM,19,1899,Qtr 4,December,30,2019,1219
08:20 AM,AM,8,8 AM,20,1899,Qtr 4,December,30,0820,500
08:20 PM,PM,20,8 PM,20,1899,Qtr 4,December,30,2020,1220
08:21 AM,AM,8,8 AM,21,1899,Qtr 4,December,30,0821,501
08:21 PM,PM,20,8 PM,21,1899,Qtr 4,December,30,2021,1221
08:22 AM,AM,8,8 AM,22,1899,Qtr 4,December,30,0822,502
08:22 PM,PM,20,8 PM,22,1899,Qtr 4,December,30,2022,1222
08:23 AM,AM,8,8 AM,23,1899,Qtr 4,December,30,0823,503
08:23 PM,PM,20,8 PM,23,1899,Qtr 4,December,30,2023,1223
08:24 AM,AM,8,8 AM,24,1899,Qtr 4,December,30,0824,504
08:24 PM,PM,20,8 PM,24,1899,Qtr 4,December,30,2024,1224
08:25 AM,AM,8,8 AM,25,1899,Qtr 4,December,30,0825,505
08:25 PM,PM,20,8 PM,25,1899,Qtr 4,December,30,2025,1225
08:26 AM,AM,8,8 AM,26,1899,Qtr 4,December,30,0826,506
08:26 PM,PM,20,8 PM,26,1899,Qtr 4,December,30,2026,1226
08:27 AM,AM,8,8 AM,27,1899,Qtr 4,December,30,0827,507
08:27 PM,PM,20,8 PM,27,1899,Qtr 4,December,30,2027,1227
08:28 AM,AM,8,8 AM,28,1899,Qtr 4,December,30,0828,508
08:28 PM,PM,20,8 PM,28,1899,Qtr 4,December,30,2028,1228
08:29 AM,AM,8,8 AM,29,1899,Qtr 4,December,30,0829,509
08:29 PM,PM,20,8 PM,29,1899,Qtr 4,December,30,2029,1229
08:30 AM,AM,8,8 AM,30,1899,Qtr 4,December,30,0830,510
08:30 PM,PM,20,8 PM,30,1899,Qtr 4,December,30,2030,1230
08:31 AM,AM,8,8 AM,31,1899,Qtr 4,December,30,0831,511
08:31 PM,PM,20,8 PM,31,1899,Qtr 4,December,30,2031,1231
08:32 AM,AM,8,8 AM,32,1899,Qtr 4,December,30,0832,512
08:32 PM,PM,20,8 PM,32,1899,Qtr 4,December,30,2032,1232
08:33 AM,AM,8,8 AM,33,1899,Qtr 4,December,30,0833,513
08:33 PM,PM,20,8 PM,33,1899,Qtr 4,December,30,2033,1233
08:34 AM,AM,8,8 AM,34,1899,Qtr 4,December,30,0834,514
08:34 PM,PM,20,8 PM,34,1899,Qtr 4,December,30,2034,1234
08:35 AM,AM,8,8 AM,35,1899,Qtr 4,December,30,0835,515
08:35 PM,PM,20,8 PM,35,1899,Qtr 4,December,30,2035,1235
08:36 AM,AM,8,8 AM,36,1899,Qtr 4,December,30,0836,516
08:36 PM,PM,20,8 PM,36,1899,Qtr 4,December,30,2036,1236
08:37 AM,AM,8,8 AM,37,1899,Qtr 4,December,30,0837,517
08:37 PM,PM,20,8 PM,37,1899,Qtr 4,December,30,2037,1237
08:38 AM,AM,8,8 AM,38,1899,Qtr 4,December,30,0838,518
08:38 PM,PM,20,8 PM,38,1899,Qtr 4,December,30,2038,1238
08:39 AM,AM,8,8 AM,39,1899,Qtr 4,December,30,0839,519
08:39 PM,PM,20,8 PM,39,1899,Qtr 4,December,30,2039,1239
08:40 AM,AM,8,8 AM,40,1899,Qtr 4,December,30,0840,520
08:40 PM,PM,20,8 PM,40,1899,Qtr 4,December,30,2040,1240
08:41 AM,AM,8,8 AM,41,1899,Qtr 4,December,30,0841,521
08:41 PM,PM,20,8 PM,41,1899,Qtr 4,December,30,2041,1241
08:42 AM,AM,8,8 AM,42,1899,Qtr 4,December,30,0842,522
08:42 PM,PM,20,8 PM,42,1899,Qtr 4,December,30,2042,1242
08:43 AM,AM,8,8 AM,43,1899,Qtr 4,December,30,0843,523
08:43 PM,PM,20,8 PM,43,1899,Qtr 4,December,30,2043,1243
08:44 AM,AM,8,8 AM,44,1899,Qtr 4,December,30,0844,524
08:44 PM,PM,20,8 PM,44,1899,Qtr 4,December,30,2044,1244
08:45 AM,AM,8,8 AM,45,1899,Qtr 4,December,30,0845,525
08:45 PM,PM,20,8 PM,45,1899,Qtr 4,December,30,2045,1245
08:46 AM,AM,8,8 AM,46,1899,Qtr 4,December,30,0846,526
08:46 PM,PM,20,8 PM,46,1899,Qtr 4,December,30,2046,1246
08:47 AM,AM,8,8 AM,47,1899,Qtr 4,December,30,0847,527
08:47 PM,PM,20,8 PM,47,1899,Qtr 4,December,30,2047,1247
08:48 AM,AM,8,8 AM,48,1899,Qtr 4,December,30,0848,528
08:48 PM,PM,20,8 PM,48,1899,Qtr 4,December,30,2048,1248
08:49 AM,AM,8,8 AM,49,1899,Qtr 4,December,30,0849,529
08:49 PM,PM,20,8 PM,49,1899,Qtr 4,December,30,2049,1249
08:50 AM,AM,8,8 AM,50,1899,Qtr 4,December,30,0850,530
08:50 PM,PM,20,8 PM,50,1899,Qtr 4,December,30,2050,1250
08:51 AM,AM,8,8 AM,51,1899,Qtr 4,December,30,0851,531
08:51 PM,PM,20,8 PM,51,1899,Qtr 4,December,30,2051,1251
08:52 AM,AM,8,8 AM,52,1899,Qtr 4,December,30,0852,532
08:52 PM,PM,20,8 PM,52,1899,Qtr 4,December,30,2052,1252
08:53 AM,AM,8,8 AM,53,1899,Qtr 4,December,30,0853,533
08:53 PM,PM,20,8 PM,53,1899,Qtr 4,December,30,2053,1253
08:54 AM,AM,8,8 AM,54,1899,Qtr 4,December,30,0854,534
08:54 PM,PM,20,8 PM,54,1899,Qtr 4,December,30,2054,1254
08:55 AM,AM,8,8 AM,55,1899,Qtr 4,December,30,0855,535
08:55 PM,PM,20,8 PM,55,1899,Qtr 4,December,30,2055,1255
08:56 AM,AM,8,8 AM,56,1899,Qtr 4,December,30,0856,536
08:56 PM,PM,20,8 PM,56,1899,Qtr 4,December,30,2056,1256
08:57 AM,AM,8,8 AM,57,1899,Qtr 4,December,30,0857,537
08:57 PM,PM,20,8 PM,57,1899,Qtr 4,December,30,2057,1257
08:58 AM,AM,8,8 AM,58,1899,Qtr 4,December,30,0858,538
08:58 PM,PM,20,8 PM,58,1899,Qtr 4,December,30,2058,1258
08:59 AM,AM,8,8 AM,59,1899,Qtr 4,December,30,0859,539
08:59 PM,PM,20,8 PM,59,1899,Qtr 4,December,30,2059,1259
09:00 AM,AM,9,9 AM,0,1899,Qtr 4,December,30,0900,540
09:00 PM,PM,21,9 PM,0,1899,Qtr 4,December,30,2100,1260
09:01 AM,AM,9,9 AM,1,1899,Qtr 4,December,30,0901,541
09:01 PM,PM,21,9 PM,1,1899,Qtr 4,December,30,2101,1261
09:02 AM,AM,9,9 AM,2,1899,Qtr 4,December,30,0902,542
09:02 PM,PM,21,9 PM,2,1899,Qtr 4,December,30,2102,1262
09:03 AM,AM,9,9 AM,3,1899,Qtr 4,December,30,0903,543
09:03 PM,PM,21,9 PM,3,1899,Qtr 4,December,30,2103,1263
09:04 AM,AM,9,9 AM,4,1899,Qtr 4,December,30,0904,544
09:04 PM,PM,21,9 PM,4,1899,Qtr 4,December,30,2104,1264
09:05 AM,AM,9,9 AM,5,1899,Qtr 4,December,30,0905,545
09:05 PM,PM,21,9 PM,5,1899,Qtr 4,December,30,2105,1265
09:06 AM,AM,9,9 AM,6,1899,Qtr 4,December,30,0906,546
09:06 PM,PM,21,9 PM,6,1899,Qtr 4,December,30,2106,1266
09:07 AM,AM,9,9 AM,7,1899,Qtr 4,December,30,0907,547
09:07 PM,PM,21,9 PM,7,1899,Qtr 4,December,30,2107,1267
09:08 AM,AM,9,9 AM,8,1899,Qtr 4,December,30,0908,548
09:08 PM,PM,21,9 PM,8,1899,Qtr 4,December,30,2108,1268
09:09 AM,AM,9,9 AM,9,1899,Qtr 4,December,30,0909,549
09:09 PM,PM,21,9 PM,9,1899,Qtr 4,December,30,2109,1269
09:10 AM,AM,9,9 AM,10,1899,Qtr 4,December,30,0910,550
09:10 PM,PM,21,9 PM,10,1899,Qtr 4,December,30,2110,1270
09:11 AM,AM,9,9 AM,11,1899,Qtr 4,December,30,0911,551
09:11 PM,PM,21,9 PM,11,1899,Qtr 4,December,30,2111,1271
09:12 AM,AM,9,9 AM,12,1899,Qtr 4,December,30,0912,552
09:12 PM,PM,21,9 PM,12,1899,Qtr 4,December,30,2112,1272
09:13 AM,AM,9,9 AM,13,1899,Qtr 4,December,30,0913,553
09:13 PM,PM,21,9 PM,13,1899,Qtr 4,December,30,2113,1273
09:14 AM,AM,9,9 AM,14,1899,Qtr 4,December,30,0914,554
09:14 PM,PM,21,9 PM,14,1899,Qtr 4,December,30,2114,1274
09:15 AM,AM,9,9 AM,15,1899,Qtr 4,December,30,0915,555
09:15 PM,PM,21,9 PM,15,1899,Qtr 4,December,30,2115,1275
09:16 AM,AM,9,9 AM,16,1899,Qtr 4,December,30,0916,556
09:16 PM,PM,21,9 PM,16,1899,Qtr 4,December,30,2116,1276
09:17 AM,AM,9,9 AM,17,1899,Qtr 4,December,30,0917,557
09:17 PM,PM,21,9 PM,17,1899,Qtr 4,December,30,2117,1277
09:18 AM,AM,9,9 AM,18,1899,Qtr 4,December,30,0918,558
09:18 PM,PM,21,9 PM,18,1899,Qtr 4,December,30,2118,1278
09:19 AM,AM,9,9 AM,19,1899,Qtr 4,December,30,0919,559
09:19 PM,PM,21,9 PM,19,1899,Qtr 4,December,30,2119,1279
09:20 AM,AM,9,9 AM,20,1899,Qtr 4,December,30,0920,560
09:20 PM,PM,21,9 PM,20,1899,Qtr 4,December,30,2120,1280
09:21 AM,AM,9,9 AM,21,1899,Qtr 4,December,30,0921,561
09:21 PM,PM,21,9 PM,21,1899,Qtr 4,December,30,2121,1281
09:22 AM,AM,9,9 AM,22,1899,Qtr 4,December,30,0922,562
09:22 PM,PM,21,9 PM,22,1899,Qtr 4,December,30,2122,1282
09:23 AM,AM,9,9 AM,23,1899,Qtr 4,December,30,0923,563
09:23 PM,PM,21,9 PM,23,1899,Qtr 4,December,30,2123,1283
09:24 AM,AM,9,9 AM,24,1899,Qtr 4,December,30,0924,564
09:24 PM,PM,21,9 PM,24,1899,Qtr 4,December,30,2124,1284
09:25 AM,AM,9,9 AM,25,1899,Qtr 4,December,30,0925,565
09:25 PM,PM,21,9 PM,25,1899,Qtr 4,December,30,2125,1285
09:26 AM,AM,9,9 AM,26,1899,Qtr 4,December,30,0926,566
09:26 PM,PM,21,9 PM,26,1899,Qtr 4,December,30,2126,1286
09:27 AM,AM,9,9 AM,27,1899,Qtr 4,December,30,0927,567
09:27 PM,PM,21,9 PM,27,1899,Qtr 4,December,30,2127,1287
09:28 AM,AM,9,9 AM,28,1899,Qtr 4,December,30,0928,568
09:28 PM,PM,21,9 PM,28,1899,Qtr 4,December,30,2128,1288
09:29 AM,AM,9,9 AM,29,1899,Qtr 4,December,30,0929,569
09:29 PM,PM,21,9 PM,29,1899,Qtr 4,December,30,2129,1289
09:30 AM,AM,9,9 AM,30,1899,Qtr 4,December,30,0930,570
09:30 PM,PM,21,9 PM,30,1899,Qtr 4,December,30,2130,1290
09:31 AM,AM,9,9 AM,31,1899,Qtr 4,December,30,0931,571
09:31 PM,PM,21,9 PM,31,1899,Qtr 4,December,30,2131,1291
09:32 AM,AM,9,9 AM,32,1899,Qtr 4,December,30,0932,572
09:32 PM,PM,21,9 PM,32,1899,Qtr 4,December,30,2132,1292
09:33 AM,AM,9,9 AM,33,1899,Qtr 4,December,30,0933,573
09:33 PM,PM,21,9 PM,33,1899,Qtr 4,December,30,2133,1293
09:34 AM,AM,9,9 AM,34,1899,Qtr 4,December,30,0934,574
09:34 PM,PM,21,9 PM,34,1899,Qtr 4,December,30,2134,1294
09:35 AM,AM,9,9 AM,35,1899,Qtr 4,December,30,0935,575
09:35 PM,PM,21,9 PM,35,1899,Qtr 4,December,30,2135,1295
09:36 AM,AM,9,9 AM,36,1899,Qtr 4,December,30,0936,576
09:36 PM,PM,21,9 PM,36,1899,Qtr 4,December,30,2136,1296
09:37 AM,AM,9,9 AM,37,1899,Qtr 4,December,30,0937,577
09:37 PM,PM,21,9 PM,37,1899,Qtr 4,December,30,2137,1297
09:38 AM,AM,9,9 AM,38,1899,Qtr 4,December,30,0938,578
09:38 PM,PM,21,9 PM,38,1899,Qtr 4,December,30,2138,1298
09:39 AM,AM,9,9 AM,39,1899,Qtr 4,December,30,0939,579
09:39 PM,PM,21,9 PM,39,1899,Qtr 4,December,30,2139,1299
09:40 AM,AM,9,9 AM,40,1899,Qtr 4,December,30,0940,580
09:40 PM,PM,21,9 PM,40,1899,Qtr 4,December,30,2140,1300
09:41 AM,AM,9,9 AM,41,1899,Qtr 4,December,30,0941,581
09:41 PM,PM,21,9 PM,41,1899,Qtr 4,December,30,2141,1301
09:42 AM,AM,9,9 AM,42,1899,Qtr 4,December,30,0942,582
09:42 PM,PM,21,9 PM,42,1899,Qtr 4,December,30,2142,1302
09:43 AM,AM,9,9 AM,43,1899,Qtr 4,December,30,0943,583
09:43 PM,PM,21,9 PM,43,1899,Qtr 4,December,30,2143,1303
09:44 AM,AM,9,9 AM,44,1899,Qtr 4,December,30,0944,584
09:44 PM,PM,21,9 PM,44,1899,Qtr 4,December,30,2144,1304
09:45 AM,AM,9,9 AM,45,1899,Qtr 4,December,30,0945,585
09:45 PM,PM,21,9 PM,45,1899,Qtr 4,December,30,2145,1305
09:46 AM,AM,9,9 AM,46,1899,Qtr 4,December,30,0946,586
09:46 PM,PM,21,9 PM,46,1899,Qtr 4,December,30,2146,1306
09:47 AM,AM,9,9 AM,47,1899,Qtr 4,December,30,0947,587
09:47 PM,PM,21,9 PM,47,1899,Qtr 4,December,30,2147,1307
09:48 AM,AM,9,9 AM,48,1899,Qtr 4,December,30,0948,588
09:48 PM,PM,21,9 PM,48,1899,Qtr 4,December,30,2148,1308
09:49 AM,AM,9,9 AM,49,1899,Qtr 4,December,30,0949,589
09:49 PM,PM,21,9 PM,49,1899,Qtr 4,December,30,2149,1309
09:50 AM,AM,9,9 AM,50,1899,Qtr 4,December,30,0950,590
09:50 PM,PM,21,9 PM,50,1899,Qtr 4,December,30,2150,1310
09:51 AM,AM,9,9 AM,51,1899,Qtr 4,December,30,0951,591
09:51 PM,PM,21,9 PM,51,1899,Qtr 4,December,30,2151,1311
09:52 AM,AM,9,9 AM,52,1899,Qtr 4,December,30,0952,592
09:52 PM,PM,21,9 PM,52,1899,Qtr 4,December,30,2152,1312
09:53 AM,AM,9,9 AM,53,1899,Qtr 4,December,30,0953,593
09:53 PM,PM,21,9 PM,53,1899,Qtr 4,December,30,2153,1313
09:54 AM,AM,9,9 AM,54,1899,Qtr 4,December,30,0954,594
09:54 PM,PM,21,9 PM,54,1899,Qtr 4,December,30,2154,1314
09:55 AM,AM,9,9 AM,55,1899,Qtr 4,December,30,0955,595
09:55 PM,PM,21,9 PM,55,1899,Qtr 4,December,30,2155,1315
09:56 AM,AM,9,9 AM,56,1899,Qtr 4,December,30,0956,596
09:56 PM,PM,21,9 PM,56,1899,Qtr 4,December,30,2156,1316
09:57 AM,AM,9,9 AM,57,1899,Qtr 4,December,30,0957,597
09:57 PM,PM,21,9 PM,57,1899,Qtr 4,December,30,2157,1317
09:58 AM,AM,9,9 AM,58,1899,Qtr 4,December,30,0958,598
09:58 PM,PM,21,9 PM,58,1899,Qtr 4,December,30,2158,1318
09:59 AM,AM,9,9 AM,59,1899,Qtr 4,December,30,0959,599
09:59 PM,PM,21,9 PM,59,1899,Qtr 4,December,30,2159,1319
10:00 AM,AM,10,10 AM,0,1899,Qtr 4,December,30,1000,600
10:00 PM,PM,22,10 PM,0,1899,Qtr 4,December,30,2200,1320
10:01 AM,AM,10,10 AM,1,1899,Qtr 4,December,30,1001,601
10:01 PM,PM,22,10 PM,1,1899,Qtr 4,December,30,2201,1321
10:02 AM,AM,10,10 AM,2,1899,Qtr 4,December,30,1002,602
10:02 PM,PM,22,10 PM,2,1899,Qtr 4,December,30,2202,1322
10:03 AM,AM,10,10 AM,3,1899,Qtr 4,December,30,1003,603
10:03 PM,PM,22,10 PM,3,1899,Qtr 4,December,30,2203,1323
10:04 AM,AM,10,10 AM,4,1899,Qtr 4,December,30,1004,604
10:04 PM,PM,22,10 PM,4,1899,Qtr 4,December,30,2204,1324
10:05 AM,AM,10,10 AM,5,1899,Qtr 4,December,30,1005,605
10:05 PM,PM,22,10 PM,5,1899,Qtr 4,December,30,2205,1325
10:06 AM,AM,10,10 AM,6,1899,Qtr 4,December,30,1006,606
10:06 PM,PM,22,10 PM,6,1899,Qtr 4,December,30,2206,1326
10:07 AM,AM,10,10 AM,7,1899,Qtr 4,December,30,1007,607
10:07 PM,PM,22,10 PM,7,1899,Qtr 4,December,30,2207,1327
10:08 AM,AM,10,10 AM,8,1899,Qtr 4,December,30,1008,608
10:08 PM,PM,22,10 PM,8,1899,Qtr 4,December,30,2208,1328
10:09 AM,AM,10,10 AM,9,1899,Qtr 4,December,30,1009,609
10:09 PM,PM,22,10 PM,9,1899,Qtr 4,December,30,2209,1329
10:10 AM,AM,10,10 AM,10,1899,Qtr 4,December,30,1010,610
10:10 PM,PM,22,10 PM,10,1899,Qtr 4,December,30,2210,1330
10:11 AM,AM,10,10 AM,11,1899,Qtr 4,December,30,1011,611
10:11 PM,PM,22,10 PM,11,1899,Qtr 4,December,30,2211,1331
10:12 AM,AM,10,10 AM,12,1899,Qtr 4,December,30,1012,612
10:12 PM,PM,22,10 PM,12,1899,Qtr 4,December,30,2212,1332
10:13 AM,AM,10,10 AM,13,1899,Qtr 4,December,30,1013,613
10:13 PM,PM,22,10 PM,13,1899,Qtr 4,December,30,2213,1333
10:14 AM,AM,10,10 AM,14,1899,Qtr 4,December,30,1014,614
10:14 PM,PM,22,10 PM,14,1899,Qtr 4,December,30,2214,1334
10:15 AM,AM,10,10 AM,15,1899,Qtr 4,December,30,1015,615
10:15 PM,PM,22,10 PM,15,1899,Qtr 4,December,30,2215,1335
10:16 AM,AM,10,10 AM,16,1899,Qtr 4,December,30,1016,616
10:16 PM,PM,22,10 PM,16,1899,Qtr 4,December,30,2216,1336
10:17 AM,AM,10,10 AM,17,1899,Qtr 4,December,30,1017,617
10:17 PM,PM,22,10 PM,17,1899,Qtr 4,December,30,2217,1337
10:18 AM,AM,10,10 AM,18,1899,Qtr 4,December,30,1018,618
10:18 PM,PM,22,10 PM,18,1899,Qtr 4,December,30,2218,1338
10:19 AM,AM,10,10 AM,19,1899,Qtr 4,December,30,1019,619
10:19 PM,PM,22,10 PM,19,1899,Qtr 4,December,30,2219,1339
10:20 AM,AM,10,10 AM,20,1899,Qtr 4,December,30,1020,620
10:20 PM,PM,22,10 PM,20,1899,Qtr 4,December,30,2220,1340
10:21 AM,AM,10,10 AM,21,1899,Qtr 4,December,30,1021,621
10:21 PM,PM,22,10 PM,21,1899,Qtr 4,December,30,2221,1341
10:22 AM,AM,10,10 AM,22,1899,Qtr 4,December,30,1022,622
10:22 PM,PM,22,10 PM,22,1899,Qtr 4,December,30,2222,1342
10:23 AM,AM,10,10 AM,23,1899,Qtr 4,December,30,1023,623
10:23 PM,PM,22,10 PM,23,1899,Qtr 4,December,30,2223,1343
10:24 AM,AM,10,10 AM,24,1899,Qtr 4,December,30,1024,624
10:24 PM,PM,22,10 PM,24,1899,Qtr 4,December,30,2224,1344
10:25 AM,AM,10,10 AM,25,1899,Qtr 4,December,30,1025,625
10:25 PM,PM,22,10 PM,25,1899,Qtr 4,December,30,2225,1345
10:26 AM,AM,10,10 AM,26,1899,Qtr 4,December,30,1026,626
10:26 PM,PM,22,10 PM,26,1899,Qtr 4,December,30,2226,1346
10:27 AM,AM,10,10 AM,27,1899,Qtr 4,December,30,1027,627
10:27 PM,PM,22,10 PM,27,1899,Qtr 4,December,30,2227,1347
10:28 AM,AM,10,10 AM,28,1899,Qtr 4,December,30,1028,628
10:28 PM,PM,22,10 PM,28,1899,Qtr 4,December,30,2228,1348
10:29 AM,AM,10,10 AM,29,1899,Qtr 4,December,30,1029,629
10:29 PM,PM,22,10 PM,29,1899,Qtr 4,December,30,2229,1349
10:30 AM,AM,10,10 AM,30,1899,Qtr 4,December,30,1030,630
10:30 PM,PM,22,10 PM,30,1899,Qtr 4,December,30,2230,1350
10:31 AM,AM,10,10 AM,31,1899,Qtr 4,December,30,1031,631
10:31 PM,PM,22,10 PM,31,1899,Qtr 4,December,30,2231,1351
10:32 AM,AM,10,10 AM,32,1899,Qtr 4,December,30,1032,632
10:32 PM,PM,22,10 PM,32,1899,Qtr 4,December,30,2232,1352
10:33 AM,AM,10,10 AM,33,1899,Qtr 4,December,30,1033,633
10:33 PM,PM,22,10 PM,33,1899,Qtr 4,December,30,2233,1353
10:34 AM,AM,10,10 AM,34,1899,Qtr 4,December,30,1034,634
10:34 PM,PM,22,10 PM,34,1899,Qtr 4,December,30,2234,1354
10:35 AM,AM,10,10 AM,35,1899,Qtr 4,December,30,1035,635
10:35 PM,PM,22,10 PM,35,1899,Qtr 4,December,30,2235,1355
10:36 AM,AM,10,10 AM,36,1899,Qtr 4,December,30,1036,636
10:36 PM,PM,22,10 PM,36,1899,Qtr 4,December,30,2236,1356
10:37 AM,AM,10,10 AM,37,1899,Qtr 4,December,30,1037,637
10:37 PM,PM,22,10 PM,37,1899,Qtr 4,December,30,2237,1357
10:38 AM,AM,10,10 AM,38,1899,Qtr 4,December,30,1038,638
10:38 PM,PM,22,10 PM,38,1899,Qtr 4,December,30,2238,1358
10:39 AM,AM,10,10 AM,39,1899,Qtr 4,December,30,1039,639
10:39 PM,PM,22,10 PM,39,1899,Qtr 4,December,30,2239,1359
10:40 AM,AM,10,10 AM,40,1899,Qtr 4,December,30,1040,640
10:40 PM,PM,22,10 PM,40,1899,Qtr 4,December,30,2240,1360
10:41 AM,AM,10,10 AM,41,1899,Qtr 4,December,30,1041,641
10:41 PM,PM,22,10 PM,41,1899,Qtr 4,December,30,2241,1361
10:42 AM,AM,10,10 AM,42,1899,Qtr 4,December,30,1042,642
10:42 PM,PM,22,10 PM,42,1899,Qtr 4,December,30,2242,1362
10:43 AM,AM,10,10 AM,43,1899,Qtr 4,December,30,1043,643
10:43 PM,PM,22,10 PM,43,1899,Qtr 4,December,30,2243,1363
10:44 AM,AM,10,10 AM,44,1899,Qtr 4,December,30,1044,644
10:44 PM,PM,22,10 PM,44,1899,Qtr 4,December,30,2244,1364
10:45 AM,AM,10,10 AM,45,1899,Qtr 4,December,30,1045,645
10:45 PM,PM,22,10 PM,45,1899,Qtr 4,December,30,2245,1365
10:46 AM,AM,10,10 AM,46,1899,Qtr 4,December,30,1046,646
10:46 PM,PM,22,10 PM,46,1899,Qtr 4,December,30,2246,1366
10:47 AM,AM,10,10 AM,47,1899,Qtr 4,December,30,1047,647
10:47 PM,PM,22,10 PM,47,1899,Qtr 4,December,30,2247,1367
10:48 AM,AM,10,10 AM,48,1899,Qtr 4,December,30,1048,648
10:48 PM,PM,22,10 PM,48,1899,Qtr 4,December,30,2248,1368
10:49 AM,AM,10,10 AM,49,1899,Qtr 4,December,30,1049,649
10:49 PM,PM,22,10 PM,49,1899,Qtr 4,December,30,2249,1369
10:50 AM,AM,10,10 AM,50,1899,Qtr 4,December,30,1050,650
10:50 PM,PM,22,10 PM,50,1899,Qtr 4,December,30,2250,1370
10:51 AM,AM,10,10 AM,51,1899,Qtr 4,December,30,1051,651
10:51 PM,PM,22,10 PM,51,1899,Qtr 4,December,30,2251,1371
10:52 AM,AM,10,10 AM,52,1899,Qtr 4,December,30,1052,652
10:52 PM,PM,22,10 PM,52,1899,Qtr 4,December,30,2252,1372
10:53 AM,AM,10,10 AM,53,1899,Qtr 4,December,30,1053,653
10:53 PM,PM,22,10 PM,53,1899,Qtr 4,December,30,2253,1373
10:54 AM,AM,10,10 AM,54,1899,Qtr 4,December,30,1054,654
10:54 PM,PM,22,10 PM,54,1899,Qtr 4,December,30,2254,1374
10:55 AM,AM,10,10 AM,55,1899,Qtr 4,December,30,1055,655
10:55 PM,PM,22,10 PM,55,1899,Qtr 4,December,30,2255,1375
10:56 AM,AM,10,10 AM,56,1899,Qtr 4,December,30,1056,656
10:56 PM,PM,22,10 PM,56,1899,Qtr 4,December,30,2256,1376
10:57 AM,AM,10,10 AM,57,1899,Qtr 4,December,30,1057,657
10:57 PM,PM,22,10 PM,57,1899,Qtr 4,December,30,2257,1377
10:58 AM,AM,10,10 AM,58,1899,Qtr 4,December,30,1058,658
10:58 PM,PM,22,10 PM,58,1899,Qtr 4,December,30,2258,1378
10:59 AM,AM,10,10 AM,59,1899,Qtr 4,December,30,1059,659
10:59 PM,PM,22,10 PM,59,1899,Qtr 4,December,30,2259,1379
11:00 AM,AM,11,11 AM,0,1899,Qtr 4,December,30,1100,660
11:00 PM,PM,23,11 PM,0,1899,Qtr 4,December,30,2300,1380
11:01 AM,AM,11,11 AM,1,1899,Qtr 4,December,30,1101,661
11:01 PM,PM,23,11 PM,1,1899,Qtr 4,December,30,2301,1381
11:02 AM,AM,11,11 AM,2,1899,Qtr 4,December,30,1102,662
11:02 PM,PM,23,11 PM,2,1899,Qtr 4,December,30,2302,1382
11:03 AM,AM,11,11 AM,3,1899,Qtr 4,December,30,1103,663
11:03 PM,PM,23,11 PM,3,1899,Qtr 4,December,30,2303,1383
11:04 AM,AM,11,11 AM,4,1899,Qtr 4,December,30,1104,664
11:04 PM,PM,23,11 PM,4,1899,Qtr 4,December,30,2304,1384
11:05 AM,AM,11,11 AM,5,1899,Qtr 4,December,30,1105,665
11:05 PM,PM,23,11 PM,5,1899,Qtr 4,December,30,2305,1385
11:06 AM,AM,11,11 AM,6,1899,Qtr 4,December,30,1106,666
11:06 PM,PM,23,11 PM,6,1899,Qtr 4,December,30,2306,1386
11:07 AM,AM,11,11 AM,7,1899,Qtr 4,December,30,1107,667
11:07 PM,PM,23,11 PM,7,1899,Qtr 4,December,30,2307,1387
11:08 AM,AM,11,11 AM,8,1899,Qtr 4,December,30,1108,668
11:08 PM,PM,23,11 PM,8,1899,Qtr 4,December,30,2308,1388
11:09 AM,AM,11,11 AM,9,1899,Qtr 4,December,30,1109,669
11:09 PM,PM,23,11 PM,9,1899,Qtr 4,December,30,2309,1389
11:10 AM,AM,11,11 AM,10,1899,Qtr 4,December,30,1110,670
11:10 PM,PM,23,11 PM,10,1899,Qtr 4,December,30,2310,1390
11:11 AM,AM,11,11 AM,11,1899,Qtr 4,December,30,1111,671
11:11 PM,PM,23,11 PM,11,1899,Qtr 4,December,30,2311,1391
11:12 AM,AM,11,11 AM,12,1899,Qtr 4,December,30,1112,672
11:12 PM,PM,23,11 PM,12,1899,Qtr 4,December,30,2312,1392
11:13 AM,AM,11,11 AM,13,1899,Qtr 4,December,30,1113,673
11:13 PM,PM,23,11 PM,13,1899,Qtr 4,December,30,2313,1393
11:14 AM,AM,11,11 AM,14,1899,Qtr 4,December,30,1114,674
11:14 PM,PM,23,11 PM,14,1899,Qtr 4,December,30,2314,1394
11:15 AM,AM,11,11 AM,15,1899,Qtr 4,December,30,1115,675
11:15 PM,PM,23,11 PM,15,1899,Qtr 4,December,30,2315,1395
11:16 AM,AM,11,11 AM,16,1899,Qtr 4,December,30,1116,676
11:16 PM,PM,23,11 PM,16,1899,Qtr 4,December,30,2316,1396
11:17 AM,AM,11,11 AM,17,1899,Qtr 4,December,30,1117,677
11:17 PM,PM,23,11 PM,17,1899,Qtr 4,December,30,2317,1397
11:18 AM,AM,11,11 AM,18,1899,Qtr 4,December,30,1118,678
11:18 PM,PM,23,11 PM,18,1899,Qtr 4,December,30,2318,1398
11:19 AM,AM,11,11 AM,19,1899,Qtr 4,December,30,1119,679
11:19 PM,PM,23,11 PM,19,1899,Qtr 4,December,30,2319,1399
11:20 AM,AM,11,11 AM,20,1899,Qtr 4,December,30,1120,680
11:20 PM,PM,23,11 PM,20,1899,Qtr 4,December,30,2320,1400
11:21 AM,AM,11,11 AM,21,1899,Qtr 4,December,30,1121,681
11:21 PM,PM,23,11 PM,21,1899,Qtr 4,December,30,2321,1401
11:22 AM,AM,11,11 AM,22,1899,Qtr 4,December,30,1122,682
11:22 PM,PM,23,11 PM,22,1899,Qtr 4,December,30,2322,1402
11:23 AM,AM,11,11 AM,23,1899,Qtr 4,December,30,1123,683
11:23 PM,PM,23,11 PM,23,1899,Qtr 4,December,30,2323,1403
11:24 AM,AM,11,11 AM,24,1899,Qtr 4,December,30,1124,684
11:24 PM,PM,23,11 PM,24,1899,Qtr 4,December,30,2324,1404
11:25 AM,AM,11,11 AM,25,1899,Qtr 4,December,30,1125,685
11:25 PM,PM,23,11 PM,25,1899,Qtr 4,December,30,2325,1405
11:26 AM,AM,11,11 AM,26,1899,Qtr 4,December,30,1126,686
11:26 PM,PM,23,11 PM,26,1899,Qtr 4,December,30,2326,1406
11:27 AM,AM,11,11 AM,27,1899,Qtr 4,December,30,1127,687
11:27 PM,PM,23,11 PM,27,1899,Qtr 4,December,30,2327,1407
11:28 AM,AM,11,11 AM,28,1899,Qtr 4,December,30,1128,688
11:28 PM,PM,23,11 PM,28,1899,Qtr 4,December,30,2328,1408
11:29 AM,AM,11,11 AM,29,1899,Qtr 4,December,30,1129,689
11:29 PM,PM,23,11 PM,29,1899,Qtr 4,December,30,2329,1409
11:30 AM,AM,11,11 AM,30,1899,Qtr 4,December,30,1130,690
11:30 PM,PM,23,11 PM,30,1899,Qtr 4,December,30,2330,1410
11:31 AM,AM,11,11 AM,31,1899,Qtr 4,December,30,1131,691
11:31 PM,PM,23,11 PM,31,1899,Qtr 4,December,30,2331,1411
11:32 AM,AM,11,11 AM,32,1899,Qtr 4,December,30,1132,692
11:32 PM,PM,23,11 PM,32,1899,Qtr 4,December,30,2332,1412
11:33 AM,AM,11,11 AM,33,1899,Qtr 4,December,30,1133,693
11:33 PM,PM,23,11 PM,33,1899,Qtr 4,December,30,2333,1413
11:34 AM,AM,11,11 AM,34,1899,Qtr 4,December,30,1134,694
11:34 PM,PM,23,11 PM,34,1899,Qtr 4,December,30,2334,1414
11:35 AM,AM,11,11 AM,35,1899,Qtr 4,December,30,1135,695
11:35 PM,PM,23,11 PM,35,1899,Qtr 4,December,30,2335,1415
11:36 AM,AM,11,11 AM,36,1899,Qtr 4,December,30,1136,696
11:36 PM,PM,23,11 PM,36,1899,Qtr 4,December,30,2336,1416
11:37 AM,AM,11,11 AM,37,1899,Qtr 4,December,30,1137,697
11:37 PM,PM,23,11 PM,37,1899,Qtr 4,December,30,2337,1417
11:38 AM,AM,11,11 AM,38,1899,Qtr 4,December,30,1138,698
11:38 PM,PM,23,11 PM,38,1899,Qtr 4,December,30,2338,1418
11:39 AM,AM,11,11 AM,39,1899,Qtr 4,December,30,1139,699
11:39 PM,PM,23,11 PM,39,1899,Qtr 4,December,30,2339,1419
11:40 AM,AM,11,11 AM,40,1899,Qtr 4,December,30,1140,700
11:40 PM,PM,23,11 PM,40,1899,Qtr 4,December,30,2340,1420
11:41 AM,AM,11,11 AM,41,1899,Qtr 4,December,30,1141,701
11:41 PM,PM,23,11 PM,41,1899,Qtr 4,December,30,2341,1421
11:42 AM,AM,11,11 AM,42,1899,Qtr 4,December,30,1142,702
11:42 PM,PM,23,11 PM,42,1899,Qtr 4,December,30,2342,1422
11:43 AM,AM,11,11 AM,43,1899,Qtr 4,December,30,1143,703
11:43 PM,PM,23,11 PM,43,1899,Qtr 4,December,30,2343,1423
11:44 AM,AM,11,11 AM,44,1899,Qtr 4,December,30,1144,704
11:44 PM,PM,23,11 PM,44,1899,Qtr 4,December,30,2344,1424
11:45 AM,AM,11,11 AM,45,1899,Qtr 4,December,30,1145,705
11:45 PM,PM,23,11 PM,45,1899,Qtr 4,December,30,2345,1425
11:46 AM,AM,11,11 AM,46,1899,Qtr 4,December,30,1146,706
11:46 PM,PM,23,11 PM,46,1899,Qtr 4,December,30,2346,1426
11:47 AM,AM,11,11 AM,47,1899,Qtr 4,December,30,1147,707
11:47 PM,PM,23,11 PM,47,1899,Qtr 4,December,30,2347,1427
11:48 AM,AM,11,11 AM,48,1899,Qtr 4,December,30,1148,708
11:48 PM,PM,23,11 PM,48,1899,Qtr 4,December,30,2348,1428
11:49 AM,AM,11,11 AM,49,1899,Qtr 4,December,30,1149,709
11:49 PM,PM,23,11 PM,49,1899,Qtr 4,December,30,2349,1429
11:50 AM,AM,11,11 AM,50,1899,Qtr 4,December,30,1150,710
11:50 PM,PM,23,11 PM,50,1899,Qtr 4,December,30,2350,1430
11:51 AM,AM,11,11 AM,51,1899,Qtr 4,December,30,1151,711
11:51 PM,PM,23,11 PM,51,1899,Qtr 4,December,30,2351,1431
11:52 AM,AM,11,11 AM,52,1899,Qtr 4,December,30,1152,712
11:52 PM,PM,23,11 PM,52,1899,Qtr 4,December,30,2352,1432
11:53 AM,AM,11,11 AM,53,1899,Qtr 4,December,30,1153,713
11:53 PM,PM,23,11 PM,53,1899,Qtr 4,December,30,2353,1433
11:54 AM,AM,11,11 AM,54,1899,Qtr 4,December,30,1154,714
11:54 PM,PM,23,11 PM,54,1899,Qtr 4,December,30,2354,1434
11:55 AM,AM,11,11 AM,55,1899,Qtr 4,December,30,1155,715
11:55 PM,PM,23,11 PM,55,1899,Qtr 4,December,30,2355,1435
11:56 AM,AM,11,11 AM,56,1899,Qtr 4,December,30,1156,716
11:56 PM,PM,23,11 PM,56,1899,Qtr 4,December,30,2356,1436
11:57 AM,AM,11,11 AM,57,1899,Qtr 4,December,30,1157,717
11:57 PM,PM,23,11 PM,57,1899,Qtr 4,December,30,2357,1437
11:58 AM,AM,11,11 AM,58,1899,Qtr 4,December,30,1158,718
11:58 PM,PM,23,11 PM,58,1899,Qtr 4,December,30,2358,1438
11:59 AM,AM,11,11 AM,59,1899,Qtr 4,December,30,1159,719
11:59 PM,PM,23,11 PM,59,1899,Qtr 4,December,30,2359,1439
12:00 AM,AM,0,12 AM,0,1899,Qtr 4,December,30,0000,1440
12:00 PM,PM,12,12 PM,0,1899,Qtr 4,December,30,1200,720
12:01 AM,AM,0,12 AM,1,1899,Qtr 4,December,30,0001,1
12:01 PM,PM,12,12 PM,1,1899,Qtr 4,December,30,1201,721
12:02 AM,AM,0,12 AM,2,1899,Qtr 4,December,30,0002,2
12:02 PM,PM,12,12 PM,2,1899,Qtr 4,December,30,1202,722
12:03 AM,AM,0,12 AM,3,1899,Qtr 4,December,30,0003,3
12:03 PM,PM,12,12 PM,3,1899,Qtr 4,December,30,1203,723
12:04 AM,AM,0,12 AM,4,1899,Qtr 4,December,30,0004,4
12:04 PM,PM,12,12 PM,4,1899,Qtr 4,December,30,1204,724
12:05 AM,AM,0,12 AM,5,1899,Qtr 4,December,30,0005,5
12:05 PM,PM,12,12 PM,5,1899,Qtr 4,December,30,1205,725
12:06 AM,AM,0,12 AM,6,1899,Qtr 4,December,30,0006,6
12:06 PM,PM,12,12 PM,6,1899,Qtr 4,December,30,1206,726
12:07 AM,AM,0,12 AM,7,1899,Qtr 4,December,30,0007,7
12:07 PM,PM,12,12 PM,7,1899,Qtr 4,December,30,1207,727
12:08 AM,AM,0,12 AM,8,1899,Qtr 4,December,30,0008,8
12:08 PM,PM,12,12 PM,8,1899,Qtr 4,December,30,1208,728
12:09 AM,AM,0,12 AM,9,1899,Qtr 4,December,30,0009,9
12:09 PM,PM,12,12 PM,9,1899,Qtr 4,December,30,1209,729
12:10 AM,AM,0,12 AM,10,1899,Qtr 4,December,30,0010,10
12:10 PM,PM,12,12 PM,10,1899,Qtr 4,December,30,1210,730
12:11 AM,AM,0,12 AM,11,1899,Qtr 4,December,30,0011,11
12:11 PM,PM,12,12 PM,11,1899,Qtr 4,December,30,1211,731
12:12 AM,AM,0,12 AM,12,1899,Qtr 4,December,30,0012,12
12:12 PM,PM,12,12 PM,12,1899,Qtr 4,December,30,1212,732
12:13 AM,AM,0,12 AM,13,1899,Qtr 4,December,30,0013,13
12:13 PM,PM,12,12 PM,13,1899,Qtr 4,December,30,1213,733
12:14 AM,AM,0,12 AM,14,1899,Qtr 4,December,30,0014,14
12:14 PM,PM,12,12 PM,14,1899,Qtr 4,December,30,1214,734
12:15 AM,AM,0,12 AM,15,1899,Qtr 4,December,30,0015,15
12:15 PM,PM,12,12 PM,15,1899,Qtr 4,December,30,1215,735
12:16 AM,AM,0,12 AM,16,1899,Qtr 4,December,30,0016,16
12:16 PM,PM,12,12 PM,16,1899,Qtr 4,December,30,1216,736
12:17 AM,AM,0,12 AM,17,1899,Qtr 4,December,30,0017,17
12:17 PM,PM,12,12 PM,17,1899,Qtr 4,December,30,1217,737
12:18 AM,AM,0,12 AM,18,1899,Qtr 4,December,30,0018,18
12:18 PM,PM,12,12 PM,18,1899,Qtr 4,December,30,1218,738
12:19 AM,AM,0,12 AM,19,1899,Qtr 4,December,30,0019,19
12:19 PM,PM,12,12 PM,19,1899,Qtr 4,December,30,1219,739
12:20 AM,AM,0,12 AM,20,1899,Qtr 4,December,30,0020,20
12:20 PM,PM,12,12 PM,20,1899,Qtr 4,December,30,1220,740
12:21 AM,AM,0,12 AM,21,1899,Qtr 4,December,30,0021,21
12:21 PM,PM,12,12 PM,21,1899,Qtr 4,December,30,1221,741
12:22 AM,AM,0,12 AM,22,1899,Qtr 4,December,30,0022,22
12:22 PM,PM,12,12 PM,22,1899,Qtr 4,December,30,1222,742
12:23 AM,AM,0,12 AM,23,1899,Qtr 4,December,30,0023,23
12:23 PM,PM,12,12 PM,23,1899,Qtr 4,December,30,1223,743
12:24 AM,AM,0,12 AM,24,1899,Qtr 4,December,30,0024,24
12:24 PM,PM,12,12 PM,24,1899,Qtr 4,December,30,1224,744
12:25 AM,AM,0,12 AM,25,1899,Qtr 4,December,30,0025,25
12:25 PM,PM,12,12 PM,25,1899,Qtr 4,December,30,1225,745
12:26 AM,AM,0,12 AM,26,1899,Qtr 4,December,30,0026,26
12:26 PM,PM,12,12 PM,26,1899,Qtr 4,December,30,1226,746
12:27 AM,AM,0,12 AM,27,1899,Qtr 4,December,30,0027,27
12:27 PM,PM,12,12 PM,27,1899,Qtr 4,December,30,1227,747
12:28 AM,AM,0,12 AM,28,1899,Qtr 4,December,30,0028,28
12:28 PM,PM,12,12 PM,28,1899,Qtr 4,December,30,1228,748
12:29 AM,AM,0,12 AM,29,1899,Qtr 4,December,30,0029,29
12:29 PM,PM,12,12 PM,29,1899,Qtr 4,December,30,1229,749
12:30 AM,AM,0,12 AM,30,1899,Qtr 4,December,30,0030,30
12:30 PM,PM,12,12 PM,30,1899,Qtr 4,December,30,1230,750
12:31 AM,AM,0,12 AM,31,1899,Qtr 4,December,30,0031,31
12:31 PM,PM,12,12 PM,31,1899,Qtr 4,December,30,1231,751
12:32 AM,AM,0,12 AM,32,1899,Qtr 4,December,30,0032,32
12:32 PM,PM,12,12 PM,32,1899,Qtr 4,December,30,1232,752
12:33 AM,AM,0,12 AM,33,1899,Qtr 4,December,30,0033,33
12:33 PM,PM,12,12 PM,33,1899,Qtr 4,December,30,1233,753
12:34 AM,AM,0,12 AM,34,1899,Qtr 4,December,30,0034,34
12:34 PM,PM,12,12 PM,34,1899,Qtr 4,December,30,1234,754
12:35 AM,AM,0,12 AM,35,1899,Qtr 4,December,30,0035,35
12:35 PM,PM,12,12 PM,35,1899,Qtr 4,December,30,1235,755
12:36 AM,AM,0,12 AM,36,1899,Qtr 4,December,30,0036,36
12:36 PM,PM,12,12 PM,36,1899,Qtr 4,December,30,1236,756
12:37 AM,AM,0,12 AM,37,1899,Qtr 4,December,30,0037,37
12:37 PM,PM,12,12 PM,37,1899,Qtr 4,December,30,1237,757
12:38 AM,AM,0,12 AM,38,1899,Qtr 4,December,30,0038,38
12:38 PM,PM,12,12 PM,38,1899,Qtr 4,December,30,1238,758
12:39 AM,AM,0,12 AM,39,1899,Qtr 4,December,30,0039,39
12:39 PM,PM,12,12 PM,39,1899,Qtr 4,December,30,1239,759
12:40 AM,AM,0,12 AM,40,1899,Qtr 4,December,30,0040,40
12:40 PM,PM,12,12 PM,40,1899,Qtr 4,December,30,1240,760
12:41 AM,AM,0,12 AM,41,1899,Qtr 4,December,30,0041,41
12:41 PM,PM,12,12 PM,41,1899,Qtr 4,December,30,1241,761
12:42 AM,AM,0,12 AM,42,1899,Qtr 4,December,30,0042,42
12:42 PM,PM,12,12 PM,42,1899,Qtr 4,December,30,1242,762
12:43 AM,AM,0,12 AM,43,1899,Qtr 4,December,30,0043,43
12:43 PM,PM,12,12 PM,43,1899,Qtr 4,December,30,1243,763
12:44 AM,AM,0,12 AM,44,1899,Qtr 4,December,30,0044,44
12:44 PM,PM,12,12 PM,44,1899,Qtr 4,December,30,1244,764
12:45 AM,AM,0,12 AM,45,1899,Qtr 4,December,30,0045,45
12:45 PM,PM,12,12 PM,45,1899,Qtr 4,December,30,1245,765
12:46 AM,AM,0,12 AM,46,1899,Qtr 4,December,30,0046,46
12:46 PM,PM,12,12 PM,46,1899,Qtr 4,December,30,1246,766
12:47 AM,AM,0,12 AM,47,1899,Qtr 4,December,30,0047,47
12:47 PM,PM,12,12 PM,47,1899,Qtr 4,December,30,1247,767
12:48 AM,AM,0,12 AM,48,1899,Qtr 4,December,30,0048,48
12:48 PM,PM,12,12 PM,48,1899,Qtr 4,December,30,1248,768
12:49 AM,AM,0,12 AM,49,1899,Qtr 4,December,30,0049,49
12:49 PM,PM,12,12 PM,49,1899,Qtr 4,December,30,1249,769
12:50 AM,AM,0,12 AM,50,1899,Qtr 4,December,30,0050,50
12:50 PM,PM,12,12 PM,50,1899,Qtr 4,December,30,1250,770
12:51 AM,AM,0,12 AM,51,1899,Qtr 4,December,30,0051,51
12:51 PM,PM,12,12 PM,51,1899,Qtr 4,December,30,1251,771
12:52 AM,AM,0,12 AM,52,1899,Qtr 4,December,30,0052,52
12:52 PM,PM,12,12 PM,52,1899,Qtr 4,December,30,1252,772
12:53 AM,AM,0,12 AM,53,1899,Qtr 4,December,30,0053,53
12:53 PM,PM,12,12 PM,53,1899,Qtr 4,December,30,1253,773
12:54 AM,AM,0,12 AM,54,1899,Qtr 4,December,30,0054,54
12:54 PM,PM,12,12 PM,54,1899,Qtr 4,December,30,1254,774
12:55 AM,AM,0,12 AM,55,1899,Qtr 4,December,30,0055,55
12:55 PM,PM,12,12 PM,55,1899,Qtr 4,December,30,1255,775
12:56 AM,AM,0,12 AM,56,1899,Qtr 4,December,30,0056,56
12:56 PM,PM,12,12 PM,56,1899,Qtr 4,December,30,1256,776
12:57 AM,AM,0,12 AM,57,1899,Qtr 4,December,30,0057,57
12:57 PM,PM,12,12 PM,57,1899,Qtr 4,December,30,1257,777
12:58 AM,AM,0,12 AM,58,1899,Qtr 4,December,30,0058,58
12:58 PM,PM,12,12 PM,58,1899,Qtr 4,December,30,1258,778
12:59 AM,AM,0,12 AM,59,1899,Qtr 4,December,30,0059,59
12:59 PM,PM,12,12 PM,59,1899,Qtr 4,December,30,1259,779
